52,Abadia de Goiás;
31,Abadia dos dourados;
52,Abadiânia;
31,Abaeté;
15,Abaetetuba;
23,Abaiara;
29,Abaíra;
29,Abaré;
41,Abatiá;
42,Abdon Batista;
15,Abel Figueiredo;
42,Abelardo Luz;
31,Abre Campo;
26,Abreu E Lima;
17,Abreulândia;
31,Acaiaca;
21,Açailândia;
29,Acajutiba;
15,Acará;
23,Acarape;
23,Acaraú;
24,Acari;
22,Acauã;
43,Aceguá;
23,Acopiara;
51,Acorizal;
12,Acrelândia;
52,Acreúna;
24,Açu;
31,Açucena;
35,Adamantina;
52,Adelândia;
35,Adolfo;
41,Adrianópolis;
29,Adustina;
26,Afogados da Ingazeira;
24,Afonso Bezerra;
32,Afonso Cláudio;
21,Afonso Cunha;
26,Afrânio;
15,Afuá;
26,Agrestina;
22,Agricolândia;
42,Agrolândia;
42,Agronômica;
15,Água Azul do Norte;
31,Água Boa;
51,Água Boa;
22,Água Branca;
25,Água Branca;
27,Água Branca;
50,Água Clara;
31,Água Comprida;
42,Água doce;
21,Água doce do Maranhão;
32,Água doce do Norte;
29,Água Fria;
52,Água Fria de Goiás;
52,Água Limpa;
24,Água Nova;
26,Água Preta;
43,Água Santa;
35,Aguaí;
31,Aguanil;
26,Águas Belas;
35,Águas da Prata;
42,Águas de Chapecó;
35,Águas de Lindóia;
35,Águas de Santa Bárbara;
35,Águas de São Pedro;
31,Águas Formosas;
42,Águas Frias;
52,Águas Lindas de Goiás;
42,Águas Mornas;
31,Águas Vermelhas;
43,Agudo;
35,Agudos;
41,Agudos do Sul;
32,Águia Branca;
25,Aguiar;
17,Aguiarnópolis;
31,Aimorés;
29,Aiquara;
23,Aiuaba;
31,Aiuruoca;
43,Ajuricaba;
31,Alagoa;
25,Alagoa Grande;
25,Alagoa Nova;
25,Alagoinha;
26,Alagoinha;
22,Alagoinha do Piauí;
29,Alagoinhas;
35,Alambari;
31,Albertina;
21,Alcântara;
23,Alcântaras;
25,Alcantil;
50,Alcinópolis;
29,Alcobaça;
21,Aldeias Altas;
43,Alecrim;
32,Alegre;
43,Alegrete;
22,Alegrete do Piauí;
43,Alegria;
31,Além Paraíba;
15,Alenquer;
24,Alexandria;
52,Alexânia;
31,Alfenas;
32,Alfredo Chaves;
35,Alfredo Marcondes;
31,Alfredo Vasconcelos;
42,Alfredo Wagner;
25,Algodão de Jandaíra;
25,Alhandra;
26,Aliança;
17,Aliança do Tocantins;
29,Almadina;
17,Almas;
15,Almeirim;
31,Almenara;
24,Almino Afonso;
41,Almirante Tamandaré;
43,Almirante Tamandaré do Sul;
52,Aloândia;
31,Alpercata;
43,Alpestre;
31,Alpinópolis;
51,Alta Floresta;
11,Alta Floresta D'oeste;
35,Altair;
15,Altamira;
21,Altamira do Maranhão;
41,Altamira do Paraná;
23,Altaneira;
31,Alterosa;
26,Altinho;
35,Altinópolis;
14,Alto Alegre;
35,Alto Alegre;
43,Alto Alegre;
21,Alto Alegre do Maranhão;
21,Alto Alegre do Pindaré;
11,Alto Alegre dos Parecis;
51,Alto Araguaia;
42,Alto Bela Vista;
51,Alto Boa Vista;
31,Alto Caparaó;
24,Alto do Rodrigues;
43,Alto Feliz;
51,Alto Garças;
52,Alto Horizonte;
31,Alto Jequitibá;
22,Alto Longá;
51,Alto Paraguai;
11,Alto Paraíso;
41,Alto Paraíso;
52,Alto Paraíso de Goiás;
41,Alto Paraná;
21,Alto Parnaíba;
41,Alto Piquiri;
31,Alto Rio doce;
32,Alto Rio Novo;
23,Alto Santo;
51,Alto Taquari;
41,Altônia;
22,Altos;
35,Alumínio;
13,Alvarães;
31,Alvarenga;
35,Álvares Florence;
35,Álvares Machado;
35,Álvaro de Carvalho;
35,Alvinlândia;
31,Alvinópolis;
17,Alvorada;
43,Alvorada;
11,Alvorada D'oeste;
31,Alvorada de Minas;
22,Alvorada do Gurguéia;
52,Alvorada do Norte;
41,Alvorada do Sul;
14,Amajari;
50,Amambai;
16,Amapá;
21,Amapá do Maranhão;
41,Amaporã;
26,Amaraji;
43,Amaral Ferrador;
52,Amaralina;
22,Amarante;
21,Amarante do Maranhão;
29,Amargosa;
13,Amaturá;
29,Amélia Rodrigues;
29,América dourada;
35,Americana;
52,Americano do Brasil;
35,Américo Brasiliense;
35,Américo de Campos;
43,Ametista do Sul;
23,Amontada;
52,Amorinópolis;
25,Amparo;
35,Amparo;
28,Amparo de São Francisco;
31,Amparo do Serra;
41,Ampére;
27,Anadia;
29,Anagé;
41,Anahy;
15,Anajás;
21,Anajatuba;
35,Analândia;
13,Anamã;
17,Ananás;
15,Ananindeua;
52,Anápolis;
15,Anapu;
21,Anapurus;
50,Anastácio;
50,Anaurilândia;
32,Anchieta;
42,Anchieta;
29,Andaraí;
41,Andirá;
29,Andorinha;
31,Andradas;
35,Andradina;
43,André da Rocha;
31,Andrelândia;
35,Angatuba;
31,Angelândia;
50,Angélica;
26,Angelim;
42,Angelina;
29,Angical;
22,Angical do Piauí;
17,Angico;
24,Angicos;
33,Angra dos Reis;
29,Anguera;
41,Ângulo;
52,Anhanguera;
35,Anhembi;
35,Anhumas;
52,Anicuns;
22,Anísio de Abreu;
42,Anita Garibaldi;
42,Anitápolis;
13,Anori;
43,Anta Gorda;
29,Antas;
41,Antonina;
23,Antonina do Norte;
22,Antônio Almeida;
29,Antônio Cardoso;
31,Antônio Carlos;
42,Antônio Carlos;
31,Antônio Dias;
29,Antônio Gonçalves;
50,Antônio João;
24,Antônio Martins;
41,Antônio Olinto;
43,Antônio Prado;
31,Antônio Prado de Minas;
25,Aparecida;
35,Aparecida;
35,Aparecida D'oeste;
52,Aparecida de Goiânia;
52,Aparecida do Rio doce;
17,Aparecida do Rio Negro;
50,Aparecida do Taboado;
33,Aperibé;
32,Apiacá;
51,Apiacás;
35,Apiaí;
21,Apicum-Açu;
42,Apiúna;
24,Apodi;
29,Aporá;
52,Aporé;
29,Apuarema;
41,Apucarana;
13,Apuí;
23,Apuiarés;
28,Aquidabã;
50,Aquidauana;
23,Aquiraz;
42,Arabutã;
25,Araçagi;
31,Araçaí;
28,Aracaju;
35,Araçariguama;
29,Araças;
23,Aracati;
29,Aracatu;
35,Araçatuba;
29,Araci;
31,Aracitaba;
23,Aracoiaba;
26,Araçoiaba;
35,Araçoiaba da Serra;
32,Aracruz;
52,Araçu;
31,Araçuaí;
52,Aragarças;
52,Aragoiânia;
17,Aragominas;
17,Araguacema;
17,Araguaçu;
51,Araguaiana;
17,Araguaína;
51,Araguainha;
17,Araguanã;
21,Araguanã;
52,Araguapaz;
31,Araguari;
17,Araguatins;
21,Araioses;
50,Aral Moreira;
29,Aramari;
43,Arambaré;
21,Arame;
35,Aramina;
35,Arandu;
31,Arantina;
35,Arapeí;
27,Arapiraca;
17,Arapoema;
31,Araponga;
41,Arapongas;
31,Araporã;
41,Arapoti;
31,Arapuá;
41,Arapuã;
51,Araputanga;
42,Araquari;
25,Arara;
42,Araranguá;
35,Araraquara;
35,Araras;
23,Ararendá;
21,Arari;
43,Araricá;
23,Araripe;
26,Araripina;
33,Araruama;
25,Araruna;
41,Araruna;
29,Arataca;
43,Aratiba;
23,Aratuba;
29,Aratuípe;
28,Arauá;
41,Araucária;
31,Araújos;
31,Araxá;
31,Arceburgo;
35,Arco-Íris;
31,Arcos;
26,Arcoverde;
31,Areado;
33,Areal;
35,Arealva;
25,Areia;
24,Areia Branca;
28,Areia Branca;
25,Areia de Baraúnas;
25,Areial;
35,Areias;
35,Areiópolis;
51,Arenápolis;
52,Arenópolis;
24,Arês;
31,Argirita;
31,Aricanduva;
31,Arinos;
51,Aripuanã;
11,Ariquemes;
35,Ariranha;
41,Ariranha do Ivaí;
33,Armação dos Búzios;
42,Armazém;
23,Arneiroz;
22,Aroazes;
25,Aroeiras;
22,Aroeiras do Itaim;
22,Arraial;
33,Arraial do Cabo;
17,Arraias;
43,Arroio do Meio;
43,Arroio do Padre;
43,Arroio do Sal;
43,Arroio do Tigre;
43,Arroio dos Ratos;
43,Arroio Grande;
42,Arroio Trinta;
35,Artur Nogueira;
52,Aruanã;
35,Arujá;
42,Arvoredo;
43,Arvorezinha;
42,Ascurra;
35,Aspásia;
41,Assaí;
23,Assaré;
35,Assis;
12,Assis Brasil;
41,Assis Chateaubriand;
25,Assunção;
22,Assunção do Piauí;
31,Astolfo Dutra;
41,Astorga;
27,Atalaia;
41,Atalaia;
13,Atalaia do Norte;
42,Atalanta;
31,Ataléia;
35,Atibaia;
32,Atilio Vivacqua;
17,Augustinópolis;
15,Augusto Corrêa;
31,Augusto de Lima;
43,Augusto Pestana;
24,Augusto Severo;
43,Áurea;
29,Aurelino Leal;
35,Auriflama;
52,Aurilândia;
23,Aurora;
42,Aurora;
15,Aurora do Pará;
17,Aurora do Tocantins;
13,Autazes;
35,Avaí;
35,Avanhandava;
35,Avaré;
15,Aveiro;
22,Avelino Lopes;
52,Avelinópolis;
21,Axixá;
17,Axixá do Tocantins;
17,Babaçulândia;
21,Bacabal;
21,Bacabeira;
21,Bacuri;
21,Bacurituba;
35,Bady Bassitt;
31,Baependi;
43,Bagé;
15,Bagre;
25,Baía da Traição;
24,Baía Formosa;
29,Baianópolis;
15,Baião;
29,Baixa Grande;
22,Baixa Grande do Ribeiro;
23,Baixio;
32,Baixo Guandu;
35,Balbinos;
31,Baldim;
52,Baliza;
42,Balneário Arroio do Silva;
42,Balneário Barra do Sul;
42,Balneário Camboriú;
42,Balneário Gaivota;
42,Balneário Piçarras;
43,Balneário Pinhal;
42,Balneário Rincão;
41,Balsa Nova;
35,Bálsamo;
21,Balsas;
31,Bambuí;
23,Banabuiú;
35,Bananal;
25,Bananeiras;
31,Bandeira;
31,Bandeira do Sul;
42,Bandeirante;
41,Bandeirantes;
50,Bandeirantes;
17,Bandeirantes do Tocantins;
15,Bannach;
29,Banzaê;
43,Barão;
35,Barão de Antonina;
31,Barão de Cocais;
43,Barão de Cotegipe;
21,Barão de Grajaú;
51,Barão de Melgaço;
31,Barão de Monte Alto;
43,Barão do Triunfo;
24,Baraúna;
25,Baraúna;
31,Barbacena;
23,Barbalha;
35,Barbosa;
41,Barbosa Ferraz;
15,Barcarena;
24,Barcelona;
13,Barcelos;
35,Bariri;
29,Barra;
35,Barra Bonita;
42,Barra Bonita;
22,Barra D'alcântara;
29,Barra da Estiva;
26,Barra de Guabiraba;
25,Barra de Santa Rosa;
25,Barra de Santana;
27,Barra de Santo Antônio;
32,Barra de São Francisco;
25,Barra de São Miguel;
27,Barra de São Miguel;
51,Barra do Bugres;
35,Barra do Chapéu;
29,Barra do Choça;
21,Barra do Corda;
51,Barra do Garças;
43,Barra do Guarita;
41,Barra do Jacaré;
29,Barra do Mendes;
17,Barra do Ouro;
33,Barra do Piraí;
43,Barra do Quaraí;
43,Barra do Ribeiro;
43,Barra do Rio Azul;
29,Barra do Rocha;
35,Barra do Turvo;
28,Barra dos Coqueiros;
43,Barra Funda;
31,Barra Longa;
33,Barra Mansa;
42,Barra Velha;
41,Barracão;
43,Barracão;
22,Barras;
23,Barreira;
29,Barreiras;
22,Barreiras do Piauí;
13,Barreirinha;
21,Barreirinhas;
26,Barreiros;
35,Barretos;
35,Barrinha;
23,Barro;
29,Barro Alto;
52,Barro Alto;
22,Barro Duro;
29,Barro Preto;
29,Barrocas;
17,Barrolândia;
23,Barroquinha;
43,Barros Cassal;
31,Barroso;
35,Barueri;
35,Bastos;
50,Bataguassu;
22,Batalha;
27,Batalha;
35,Batatais;
50,Batayporã;
23,Baturité;
35,Bauru;
25,Bayeux;
35,Bebedouro;
23,Beberibe;
23,Bela Cruz;
50,Bela Vista;
41,Bela Vista da Caroba;
52,Bela Vista de Goiás;
31,Bela Vista de Minas;
21,Bela Vista do Maranhão;
41,Bela Vista do Paraíso;
22,Bela Vista do Piauí;
42,Bela Vista do Toldo;
21,Belágua;
15,Belém;
25,Belém;
27,Belém;
26,Belém de Maria;
25,Belém do Brejo do Cruz;
22,Belém do Piauí;
26,Belém do São Francisco;
33,Belford Roxo;
31,Belmiro Braga;
29,Belmonte;
42,Belmonte;
29,Belo Campo;
31,Belo Horizonte;
26,Belo Jardim;
27,Belo Monte;
31,Belo Oriente;
31,Belo Vale;
15,Belterra;
22,Beneditinos;
21,Benedito Leite;
42,Benedito Novo;
15,Benevides;
13,Benjamin Constant;
43,Benjamin Constant do Sul;
35,Bento de Abreu;
24,Bento Fernandes;
43,Bento Gonçalves;
21,Bequimão;
31,Berilo;
31,Berizal;
25,Bernardino Batista;
35,Bernardino de Campos;
21,Bernardo do Mearim;
17,Bernardo Sayão;
35,Bertioga;
22,Bertolínia;
31,Bertópolis;
13,Beruri;
26,Betânia;
22,Betânia do Piauí;
31,Betim;
26,Bezerros;
31,Bias Fortes;
31,Bicas;
42,Biguaçu;
35,Bilac;
31,Biquinhas;
35,Birigui;
35,Biritiba-Mirim;
29,Biritinga;
41,Bituruna;
42,Blumenau;
31,Boa Esperança;
32,Boa Esperança;
41,Boa Esperança;
41,Boa Esperança do Iguaçu;
35,Boa Esperança do Sul;
22,Boa Hora;
29,Boa Nova;
25,Boa Ventura;
41,Boa Ventura de São Roque;
23,Boa Viagem;
14,Boa Vista;
25,Boa Vista;
41,Boa Vista da Aparecida;
43,Boa Vista das Missões;
43,Boa Vista do Buricá;
43,Boa Vista do Cadeado;
21,Boa Vista do Gurupi;
43,Boa Vista do Incra;
13,Boa Vista do Ramos;
43,Boa Vista do Sul;
29,Boa Vista do Tupim;
27,Boca da Mata;
13,Boca do Acre;
22,Bocaina;
35,Bocaina;
31,Bocaina de Minas;
42,Bocaina do Sul;
31,Bocaiúva;
41,Bocaiúva do Sul;
24,Bodó;
26,Bodocó;
50,Bodoquena;
35,Bofete;
35,Boituva;
26,Bom Conselho;
31,Bom despacho;
21,Bom Jardim;
26,Bom Jardim;
33,Bom Jardim;
42,Bom Jardim da Serra;
52,Bom Jardim de Goiás;
31,Bom Jardim de Minas;
22,Bom Jesus;
24,Bom Jesus;
25,Bom Jesus;
42,Bom Jesus;
43,Bom Jesus;
29,Bom Jesus da Lapa;
31,Bom Jesus da Penha;
29,Bom Jesus da Serra;
21,Bom Jesus das Selvas;
52,Bom Jesus de Goiás;
31,Bom Jesus do Amparo;
51,Bom Jesus do Araguaia;
31,Bom Jesus do Galho;
33,Bom Jesus do Itabapoana;
32,Bom Jesus do Norte;
42,Bom Jesus do Oeste;
41,Bom Jesus do Sul;
15,Bom Jesus do Tocantins;
17,Bom Jesus do Tocantins;
35,Bom Jesus dos Perdões;
21,Bom Lugar;
43,Bom Princípio;
22,Bom Princípio do Piauí;
43,Bom Progresso;
31,Bom Repouso;
42,Bom Retiro;
43,Bom Retiro do Sul;
25,Bom Sucesso;
31,Bom Sucesso;
41,Bom Sucesso;
35,Bom Sucesso de Itararé;
41,Bom Sucesso do Sul;
42,Bombinhas;
14,Bonfim;
31,Bonfim;
22,Bonfim do Piauí;
52,Bonfinópolis;
31,Bonfinópolis de Minas;
29,Boninal;
15,Bonito;
26,Bonito;
29,Bonito;
50,Bonito;
31,Bonito de Minas;
25,Bonito de Santa Fé;
52,Bonópolis;
25,Boqueirão;
43,Boqueirão do Leão;
22,Boqueirão do Piauí;
28,Boquim;
29,Boquira;
35,Borá;
35,Boracéia;
13,Borba;
25,Borborema;
35,Borborema;
31,Borda da Mata;
35,Borebi;
41,Borrazópolis;
43,Bossoroca;
31,Botelhos;
35,Botucatu;
31,Botumirim;
29,Botuporã;
42,Botuverá;
43,Bozano;
42,Braço do Norte;
42,Braço do Trombudo;
43,Braga;
15,Bragança;
35,Bragança Paulista;
41,Braganey;
27,Branquinha;
31,Brás Pires;
15,Brasil Novo;
50,Brasilândia;
31,Brasilândia de Minas;
41,Brasilândia do Sul;
17,Brasilândia do Tocantins;
12,Brasiléia;
22,Brasileira;
53,Brasília;
31,Brasília de Minas;
51,Brasnorte;
35,Braúna;
31,Braúnas;
52,Brazabrantes;
31,Brazópolis;
26,Brejão;
32,Brejetuba;
24,Brejinho;
26,Brejinho;
17,Brejinho de Nazaré;
21,Brejo;
35,Brejo Alegre;
26,Brejo da Madre de deus;
21,Brejo de Areia;
25,Brejo do Cruz;
22,Brejo do Piauí;
25,Brejo dos Santos;
28,Brejo Grande;
15,Brejo Grande do Araguaia;
23,Brejo Santo;
29,Brejões;
29,Brejolândia;
15,Breu Branco;
15,Breves;
52,Britânia;
43,Brochier;
35,Brodowski;
35,Brotas;
29,Brotas de Macaúbas;
31,Brumadinho;
29,Brumado;
42,Brunópolis;
42,Brusque;
31,Bueno Brandão;
31,Buenópolis;
26,Buenos Aires;
29,Buerarema;
31,Bugre;
26,Buíque;
12,Bujari;
15,Bujaru;
35,Buri;
35,Buritama;
21,Buriti;
52,Buriti Alegre;
21,Buriti Bravo;
52,Buriti de Goiás;
17,Buriti do Tocantins;
22,Buriti dos Lopes;
22,Buriti dos Montes;
21,Buriticupu;
52,Buritinópolis;
29,Buritirama;
21,Buritirana;
11,Buritis;
31,Buritis;
35,Buritizal;
31,Buritizeiro;
43,Butiá;
13,Caapiranga;
25,Caaporã;
50,Caarapó;
29,Caatiba;
25,Cabaceiras;
29,Cabaceiras do Paraguaçu;
31,Cabeceira Grande;
52,Cabeceiras;
22,Cabeceiras do Piauí;
25,Cabedelo;
11,Cabixi;
26,Cabo de Santo Agostinho;
33,Cabo Frio;
31,Cabo Verde;
35,Cabrália Paulista;
35,Cabreúva;
26,Cabrobó;
42,Caçador;
35,Caçapava;
43,Caçapava do Sul;
11,Cacaulândia;
43,Cacequi;
51,Cáceres;
29,Cachoeira;
52,Cachoeira Alta;
31,Cachoeira da Prata;
52,Cachoeira de Goiás;
31,Cachoeira de Minas;
31,Cachoeira de Pajeú;
15,Cachoeira do Arari;
15,Cachoeira do Piriá;
43,Cachoeira do Sul;
25,Cachoeira dos Índios;
31,Cachoeira dourada;
52,Cachoeira dourada;
21,Cachoeira Grande;
35,Cachoeira Paulista;
33,Cachoeiras de Macacu;
17,Cachoeirinha;
26,Cachoeirinha;
43,Cachoeirinha;
32,Cachoeiro de Itapemirim;
25,Cacimba de Areia;
25,Cacimba de dentro;
25,Cacimbas;
27,Cacimbinhas;
43,Cacique doble;
11,Cacoal;
35,Caconde;
52,Caçu;
29,Caculé;
29,Caém;
31,Caetanópolis;
29,Caetanos;
31,Caeté;
26,Caetés;
29,Caetité;
29,Cafarnaum;
41,Cafeara;
35,Cafelândia;
41,Cafelândia;
41,Cafezal do Sul;
35,Caiabu;
31,Caiana;
52,Caiapônia;
43,Caibaté;
42,Caibi;
25,Caiçara;
43,Caiçara;
24,Caiçara do Norte;
24,Caiçara do Rio do Vento;
24,Caicó;
35,Caieiras;
29,Cairu;
35,Caiuá;
35,Cajamar;
21,Cajapió;
21,Cajari;
35,Cajati;
25,Cajazeiras;
22,Cajazeiras do Piauí;
25,Cajazeirinhas;
35,Cajobi;
27,Cajueiro;
22,Cajueiro da Praia;
31,Cajuri;
35,Cajuru;
26,Calçado;
16,Calçoene;
31,Caldas;
25,Caldas Brandão;
52,Caldas Novas;
52,Caldazinha;
29,Caldeirão Grande;
22,Caldeirão Grande do Piauí;
41,Califórnia;
42,Calmon;
26,Calumbi;
29,Camacan;
29,Camaçari;
31,Camacho;
25,Camalaú;
29,Camamu;
31,Camanducaia;
50,Camapuã;
43,Camaquã;
26,Camaragibe;
43,Camargo;
41,Cambará;
43,Cambará do Sul;
41,Cambé;
41,Cambira;
42,Camboriú;
33,Cambuci;
31,Cambuí;
31,Cambuquira;
15,Cametá;
23,Camocim;
26,Camocim de São Félix;
31,Campanário;
31,Campanha;
27,Campestre;
31,Campestre;
43,Campestre da Serra;
52,Campestre de Goiás;
21,Campestre do Maranhão;
41,Campina da Lagoa;
43,Campina das Missões;
35,Campina do Monte Alegre;
41,Campina do Simão;
25,Campina Grande;
41,Campina Grande do Sul;
31,Campina Verde;
52,Campinaçu;
51,Campinápolis;
35,Campinas;
22,Campinas do Piauí;
43,Campinas do Sul;
52,Campinorte;
27,Campo Alegre;
42,Campo Alegre;
52,Campo Alegre de Goiás;
29,Campo Alegre de Lourdes;
22,Campo Alegre do Fidalgo;
31,Campo Azul;
31,Campo Belo;
42,Campo Belo do Sul;
43,Campo Bom;
41,Campo Bonito;
28,Campo do Brito;
31,Campo do Meio;
41,Campo do Tenente;
42,Campo Erê;
31,Campo Florido;
29,Campo Formoso;
27,Campo Grande;
50,Campo Grande;
22,Campo Grande do Piauí;
41,Campo Largo;
22,Campo Largo do Piauí;
52,Campo Limpo de Goiás;
35,Campo Limpo Paulista;
41,Campo Magro;
22,Campo Maior;
41,Campo Mourão;
43,Campo Novo;
11,Campo Novo de Rondônia;
51,Campo Novo do Parecis;
24,Campo Redondo;
51,Campo Verde;
31,Campos Altos;
52,Campos Belos;
43,Campos Borges;
51,Campos de Júlio;
35,Campos do Jordão;
33,Campos dos Goytacazes;
31,Campos Gerais;
17,Campos Lindos;
42,Campos Novos;
35,Campos Novos Paulista;
23,Campos Sales;
52,Campos Verdes;
26,Camutanga;
31,Cana Verde;
31,Canaã;
15,Canaã dos Carajás;
51,Canabrava do Norte;
35,Cananéia;
27,Canapi;
29,Canápolis;
31,Canápolis;
29,Canarana;
51,Canarana;
35,Canas;
22,Canavieira;
29,Canavieiras;
29,Candeal;
29,Candeias;
31,Candeias;
11,Candeias do Jamari;
43,Candelária;
29,Candiba;
41,Cândido de Abreu;
43,Cândido Godói;
21,Cândido Mendes;
35,Cândido Mota;
35,Cândido Rodrigues;
29,Cândido Sales;
43,Candiota;
41,Candói;
43,Canela;
42,Canelinha;
24,Canguaretama;
43,Canguçu;
28,Canhoba;
26,Canhotinho;
23,Canindé;
28,Canindé de São Francisco;
35,Canitar;
43,Canoas;
42,Canoinhas;
29,Cansanção;
14,Cantá;
31,Cantagalo;
33,Cantagalo;
41,Cantagalo;
21,Cantanhede;
22,Canto do Buriti;
29,Canudos;
43,Canudos do Vale;
13,Canutama;
15,Capanema;
41,Capanema;
42,Capão Alto;
35,Capão Bonito;
43,Capão Bonito do Sul;
43,Capão da Canoa;
43,Capão do Cipó;
43,Capão do Leão;
31,Caparaó;
27,Capela;
28,Capela;
43,Capela de Santana;
35,Capela do Alto;
29,Capela do Alto Alegre;
31,Capela Nova;
31,Capelinha;
31,Capetinga;
25,Capim;
31,Capim Branco;
29,Capim Grosso;
31,Capinópolis;
42,Capinzal;
21,Capinzal do Norte;
23,Capistrano;
43,Capitão;
31,Capitão Andrade;
22,Capitão de Campos;
31,Capitão Enéas;
22,Capitão Gervásio Oliveira;
41,Capitão Leônidas Marques;
15,Capitão Poço;
31,Capitólio;
35,Capivari;
42,Capivari de Baixo;
43,Capivari do Sul;
12,Capixaba;
26,Capoeiras;
31,Caputira;
43,Caraá;
14,Caracaraí;
22,Caracol;
50,Caracol;
35,Caraguatatuba;
31,Caraí;
29,Caraíbas;
41,Carambeí;
31,Caranaíba;
31,Carandaí;
31,Carangola;
33,Carapebus;
35,Carapicuíba;
31,Caratinga;
13,Carauari;
24,Caraúbas;
25,Caraúbas;
22,Caraúbas do Piauí;
29,Caravelas;
43,Carazinho;
31,Carbonita;
29,Cardeal da Silva;
35,Cardoso;
33,Cardoso Moreira;
31,Careaçu;
13,Careiro;
13,Careiro da Várzea;
32,Cariacica;
23,Caridade;
22,Caridade do Piauí;
29,Carinhanha;
28,Carira;
23,Cariré;
17,Cariri do Tocantins;
23,Caririaçu;
23,Cariús;
51,Carlinda;
41,Carlópolis;
43,Carlos Barbosa;
31,Carlos Chagas;
43,Carlos Gomes;
31,Carmésia;
33,Carmo;
31,Carmo da Cachoeira;
31,Carmo da Mata;
31,Carmo de Minas;
31,Carmo do Cajuru;
31,Carmo do Paranaíba;
31,Carmo do Rio Claro;
52,Carmo do Rio Verde;
17,Carmolândia;
28,Carmópolis;
31,Carmópolis de Minas;
26,Carnaíba;
24,Carnaúba dos dantas;
24,Carnaubais;
23,Carnaubal;
26,Carnaubeira da Penha;
31,Carneirinho;
27,Carneiros;
14,Caroebe;
21,Carolina;
26,Carpina;
31,Carrancas;
25,Carrapateira;
17,Carrasco Bonito;
26,Caruaru;
21,Carutapera;
31,Carvalhópolis;
31,Carvalhos;
35,Casa Branca;
31,Casa Grande;
29,Casa Nova;
43,Casca;
31,Cascalho Rico;
23,Cascavel;
41,Cascavel;
17,Caseara;
43,Caseiros;
33,Casimiro de Abreu;
26,Casinhas;
25,Casserengue;
31,Cássia;
35,Cássia dos Coqueiros;
50,Cassilândia;
15,Castanhal;
51,Castanheira;
11,Castanheiras;
52,Castelândia;
32,Castelo;
22,Castelo do Piauí;
35,Castilho;
41,Castro;
29,Castro Alves;
31,Cataguases;
52,Catalão;
35,Catanduva;
41,Catanduvas;
42,Catanduvas;
23,Catarina;
31,Catas Altas;
31,Catas Altas da Noruega;
26,Catende;
35,Catiguá;
25,Catingueira;
29,Catolândia;
25,Catolé do Rocha;
29,Catu;
43,Catuípe;
31,Catuji;
23,Catunda;
52,Caturaí;
29,Caturama;
25,Caturité;
31,Catuti;
23,Caucaia;
52,Cavalcante;
31,Caxambu;
42,Caxambu do Sul;
21,Caxias;
43,Caxias do Sul;
22,Caxingó;
24,Ceará-Mirim;
21,Cedral;
35,Cedral;
23,Cedro;
26,Cedro;
28,Cedro de São João;
31,Cedro do Abaeté;
42,Celso Ramos;
17,Centenário;
43,Centenário;
41,Centenário do Sul;
29,Central;
31,Central de Minas;
21,Central do Maranhão;
31,Centralina;
21,Centro do Guilherme;
21,Centro Novo do Maranhão;
11,Cerejeiras;
52,Ceres;
35,Cerqueira César;
35,Cerquilho;
43,Cerrito;
41,Cerro Azul;
43,Cerro Branco;
24,Cerro Corá;
43,Cerro Grande;
43,Cerro Grande do Sul;
43,Cerro Largo;
42,Cerro Negro;
35,Cesário Lange;
41,Céu Azul;
52,Cezarina;
26,Chã de Alegria;
26,Chã Grande;
27,Chã Preta;
31,Chácara;
31,Chalé;
43,Chapada;
17,Chapada da Natividade;
17,Chapada de Areia;
31,Chapada do Norte;
51,Chapada dos Guimarães;
31,Chapada Gaúcha;
52,Chapadão do Céu;
42,Chapadão do Lageado;
50,Chapadão do Sul;
21,Chapadinha;
42,Chapecó;
35,Charqueada;
43,Charqueadas;
43,Charrua;
23,Chaval;
35,Chavantes;
15,Chaves;
31,Chiador;
43,Chiapetta;
41,Chopinzinho;
23,Choró;
23,Chorozinho;
29,Chorrochó;
43,Chuí;
11,Chupinguaia;
43,Chuvisca;
41,Cianorte;
29,Cícero dantas;
41,Cidade Gaúcha;
52,Cidade Ocidental;
21,Cidelândia;
43,Cidreira;
29,Cipó;
31,Cipotânea;
43,Ciríaco;
31,Claraval;
31,Claro dos Poções;
51,Cláudia;
31,Cláudio;
35,Clementina;
41,Clevelândia;
29,Coaraci;
13,Coari;
22,Cocal;
22,Cocal de Telha;
42,Cocal do Sul;
22,Cocal dos Alves;
51,Cocalinho;
52,Cocalzinho de Goiás;
29,Cocos;
13,Codajás;
21,Codó;
21,Coelho Neto;
31,Coimbra;
27,Coité do Nóia;
22,Coivaras;
15,Colares;
32,Colatina;
51,Colíder;
35,Colina;
21,Colinas;
43,Colinas;
52,Colinas do Sul;
17,Colinas do Tocantins;
17,Colméia;
51,Colniza;
35,Colômbia;
41,Colombo;
22,Colônia do Gurguéia;
22,Colônia do Piauí;
27,Colônia Leopoldina;
41,Colorado;
43,Colorado;
11,Colorado do Oeste;
31,Coluna;
17,Combinado;
31,Comendador Gomes;
33,Comendador Levy Gasparian;
31,Comercinho;
51,Comodoro;
25,Conceição;
31,Conceição da Aparecida;
32,Conceição da Barra;
31,Conceição da Barra de Minas;
29,Conceição da Feira;
31,Conceição das Alagoas;
31,Conceição das Pedras;
31,Conceição de Ipanema;
33,Conceição de Macabu;
29,Conceição do Almeida;
15,Conceição do Araguaia;
22,Conceição do Canindé;
32,Conceição do Castelo;
29,Conceição do Coité;
29,Conceição do Jacuípe;
21,Conceição do Lago-Açu;
31,Conceição do Mato dentro;
31,Conceição do Pará;
31,Conceição do Rio Verde;
17,Conceição do Tocantins;
31,Conceição dos Ouros;
35,Conchal;
35,Conchas;
42,Concórdia;
15,Concórdia do Pará;
25,Condado;
26,Condado;
25,Conde;
29,Conde;
29,Condeúba;
43,Condor;
31,Cônego Marinho;
31,Confins;
51,Confresa;
25,Congo;
31,Congonhal;
31,Congonhas;
31,Congonhas do Norte;
41,Congonhinhas;
31,Conquista;
51,Conquista D'oeste;
31,Conselheiro Lafaiete;
41,Conselheiro Mairinck;
31,Conselheiro Pena;
31,Consolação;
43,Constantina;
31,Contagem;
41,Contenda;
29,Contendas do Sincorá;
31,Coqueiral;
43,Coqueiro Baixo;
27,Coqueiro Seco;
43,Coqueiros do Sul;
31,Coração de Jesus;
29,Coração de Maria;
41,Corbélia;
33,Cordeiro;
35,Cordeirópolis;
29,Cordeiros;
42,Cordilheira Alta;
31,Cordisburgo;
31,Cordislândia;
23,Coreaú;
25,Coremas;
50,Corguinho;
29,Coribe;
31,Corinto;
41,Cornélio Procópio;
31,Coroaci;
35,Coroados;
21,Coroatá;
31,Coromandel;
43,Coronel Barros;
43,Coronel Bicaco;
41,Coronel domingos Soares;
24,Coronel Ezequiel;
31,Coronel Fabriciano;
42,Coronel Freitas;
24,Coronel João Pessoa;
29,Coronel João Sá;
22,Coronel José Dias;
35,Coronel Macedo;
42,Coronel Martins;
31,Coronel Murta;
31,Coronel Pacheco;
43,Coronel Pilar;
50,Coronel Sapucaia;
41,Coronel Vivida;
31,Coronel Xavier Chaves;
31,Córrego danta;
31,Córrego do Bom Jesus;
52,Córrego do Ouro;
31,Córrego Fundo;
31,Córrego Novo;
42,Correia Pinto;
22,Corrente;
26,Correntes;
29,Correntina;
26,Cortês;
50,Corumbá;
52,Corumbá de Goiás;
52,Corumbaíba;
35,Corumbataí;
41,Corumbataí do Sul;
11,Corumbiara;
42,Corupá;
27,Coruripe;
35,Cosmópolis;
35,Cosmorama;
11,Costa Marques;
50,Costa Rica;
29,Cotegipe;
35,Cotia;
43,Cotiporã;
51,Cotriguaçu;
31,Couto de Magalhães de Minas;
17,Couto Magalhães;
43,Coxilha;
50,Coxim;
25,Coxixola;
27,Craíbas;
23,Crateús;
23,Crato;
35,Cravinhos;
29,Cravolândia;
42,Criciúma;
31,Crisólita;
29,Crisópolis;
43,Crissiumal;
31,Cristais;
35,Cristais Paulista;
43,Cristal;
43,Cristal do Sul;
17,Cristalândia;
22,Cristalândia do Piauí;
31,Cristália;
52,Cristalina;
31,Cristiano Otoni;
52,Cristianópolis;
31,Cristina;
28,Cristinápolis;
22,Cristino Castro;
29,Cristópolis;
52,Crixás;
17,Crixás do Tocantins;
23,Croatá;
52,Cromínia;
31,Crucilândia;
23,Cruz;
43,Cruz Alta;
29,Cruz das Almas;
25,Cruz do Espírito Santo;
41,Cruz Machado;
35,Cruzália;
43,Cruzaltense;
35,Cruzeiro;
31,Cruzeiro da Fortaleza;
41,Cruzeiro do Iguaçu;
41,Cruzeiro do Oeste;
12,Cruzeiro do Sul;
41,Cruzeiro do Sul;
43,Cruzeiro do Sul;
24,Cruzeta;
31,Cruzília;
41,Cruzmaltina;
35,Cubatão;
25,Cubati;
51,Cuiabá;
25,Cuité;
25,Cuité de Mamanguape;
25,Cuitegi;
11,Cujubim;
52,Cumari;
26,Cumaru;
15,Cumaru do Norte;
28,Cumbe;
35,Cunha;
42,Cunha Porã;
42,Cunhataí;
31,Cuparaque;
26,Cupira;
29,Curaçá;
22,Curimatá;
15,Curionópolis;
41,Curitiba;
42,Curitibanos;
41,Curiúva;
22,Currais;
24,Currais Novos;
25,Curral de Cima;
31,Curral de dentro;
22,Curral Novo do Piauí;
25,Curral Velho;
15,Curralinho;
22,Curralinhos;
15,Curuá;
15,Curuçá;
21,Cururupu;
51,Curvelândia;
31,Curvelo;
26,Custódia;
16,Cutias;
52,damianópolis;
25,damião;
52,damolândia;
17,darcinópolis;
29,Dário Meira;
31,datas;
43,david Canabarro;
21,davinópolis;
52,davinópolis;
31,delfim Moreira;
31,delfinópolis;
27,delmiro Gouveia;
31,delta;
22,demerval Lobão;
51,denise;
50,deodápolis;
23,deputado Irapuan Pinheiro;
43,derrubadas;
35,descalvado;
42,descanso;
31,descoberto;
25,desterro;
31,desterro de Entre Rios;
31,desterro do Melo;
43,dezesseis de Novembro;
35,Diadema;
25,Diamante;
41,Diamante D'oeste;
41,Diamante do Norte;
41,Diamante do Sul;
31,Diamantina;
51,Diamantino;
17,Dianópolis;
29,Dias D'ávila;
43,Dilermando de Aguiar;
31,Diogo de Vasconcelos;
31,Dionísio;
42,Dionísio Cerqueira;
52,Diorama;
35,Dirce Reis;
22,Dirceu Arcoverde;
28,Divina Pastora;
31,Divinésia;
31,Divino;
31,Divino das Laranjeiras;
32,Divino de São Lourenço;
35,Divinolândia;
31,Divinolândia de Minas;
31,Divinópolis;
52,Divinópolis de Goiás;
17,Divinópolis do Tocantins;
31,Divisa Alegre;
31,Divisa Nova;
31,Divisópolis;
35,dobrada;
35,dois Córregos;
43,dois Irmãos;
43,dois Irmãos das Missões;
50,dois Irmãos do Buriti;
17,dois Irmãos do Tocantins;
43,dois Lajeados;
27,dois Riachos;
41,dois Vizinhos;
35,dolcinópolis;
51,dom Aquino;
29,dom Basílio;
31,dom Bosco;
31,dom Cavati;
15,dom Eliseu;
22,dom Expedito Lopes;
43,dom Feliciano;
22,dom Inocêncio;
31,dom Joaquim;
29,dom Macedo Costa;
43,dom Pedrito;
21,dom Pedro;
43,dom Pedro de Alcântara;
31,dom Silvério;
31,dom Viçoso;
32,domingos Martins;
22,domingos Mourão;
42,dona Emma;
31,dona Eusébia;
43,dona Francisca;
25,dona Inês;
31,dores de Campos;
31,dores de Guanhães;
31,dores do Indaiá;
32,dores do Rio Preto;
31,dores do Turvo;
31,doresópolis;
26,dormentes;
41,douradina;
50,douradina;
35,dourado;
31,douradoquara;
50,dourados;
41,doutor Camargo;
43,doutor Maurício Cardoso;
42,doutor Pedrinho;
43,doutor Ricardo;
24,doutor Severiano;
41,doutor Ulysses;
52,doverlândia;
35,Dracena;
35,Duartina;
33,Duas Barras;
25,Duas Estradas;
17,Dueré;
35,Dumont;
21,Duque Bacelar;
33,Duque de Caxias;
31,Durandé;
35,Echaporã;
32,Ecoporanga;
52,Edealina;
52,Edéia;
13,Eirunepé;
35,Eldorado;
50,Eldorado;
15,Eldorado do Carajás;
43,Eldorado do Sul;
22,Elesbão Veloso;
35,Elias Fausto;
22,Eliseu Martins;
35,Elisiário;
29,Elísio Medrado;
31,Elói Mendes;
25,Emas;
35,Embaúba;
35,Embu das Artes;
35,Embu-Guaçu;
35,Emilianópolis;
43,Encantado;
24,Encanto;
29,Encruzilhada;
43,Encruzilhada do Sul;
41,Enéas Marques;
41,Engenheiro Beltrão;
31,Engenheiro Caldas;
35,Engenheiro Coelho;
31,Engenheiro Navarro;
33,Engenheiro Paulo de Frontin;
43,Engenho Velho;
31,Entre Folhas;
29,Entre Rios;
42,Entre Rios;
31,Entre Rios de Minas;
41,Entre Rios do Oeste;
43,Entre Rios do Sul;
43,Entre-Ijuís;
13,Envira;
12,Epitaciolândia;
24,Equador;
43,Erebango;
43,Erechim;
23,Ererê;
29,Érico Cardoso;
42,Ermo;
43,Ernestina;
43,Erval Grande;
43,Erval Seco;
42,Erval Velho;
31,Ervália;
26,Escada;
43,Esmeralda;
31,Esmeraldas;
31,Espera Feliz;
25,Esperança;
43,Esperança do Sul;
41,Esperança Nova;
17,Esperantina;
22,Esperantina;
21,Esperantinópolis;
41,Espigão Alto do Iguaçu;
11,Espigão D'oeste;
31,Espinosa;
24,Espírito Santo;
31,Espírito Santo do dourado;
35,Espírito Santo do Pinhal;
35,Espírito Santo do Turvo;
29,Esplanada;
43,Espumoso;
43,Estação;
28,Estância;
43,Estância Velha;
43,Esteio;
31,Estiva;
35,Estiva Gerbi;
21,Estreito;
43,Estrela;
35,Estrela D'oeste;
31,Estrela dalva;
27,Estrela de Alagoas;
31,Estrela do Indaiá;
35,Estrela do Norte;
52,Estrela do Norte;
31,Estrela do Sul;
43,Estrela Velha;
29,Euclides da Cunha;
35,Euclides da Cunha Paulista;
43,Eugênio de Castro;
31,Eugenópolis;
29,Eunápolis;
23,Eusébio;
31,Ewbank da Câmara;
31,Extrema;
24,Extremoz;
26,Exu;
25,Fagundes;
43,Fagundes Varela;
52,Faina;
31,Fama;
31,Faria Lemos;
23,Farias Brito;
15,Faro;
41,Farol;
43,Farroupilha;
35,Fartura;
22,Fartura do Piauí;
17,Fátima;
29,Fátima;
50,Fátima do Sul;
41,Faxinal;
43,Faxinal do Soturno;
42,Faxinal dos Guedes;
43,Faxinalzinho;
52,Fazenda Nova;
41,Fazenda Rio Grande;
43,Fazenda Vilanova;
12,Feijó;
29,Feira da Mata;
29,Feira de Santana;
27,Feira Grande;
26,Feira Nova;
28,Feira Nova;
21,Feira Nova do Maranhão;
31,Felício dos Santos;
24,Felipe Guerra;
31,Felisburgo;
31,Felixlândia;
43,Feliz;
27,Feliz deserto;
51,Feliz Natal;
41,Fênix;
41,Fernandes Pinheiro;
31,Fernandes Tourinho;
26,Fernando de Noronha;
21,Fernando Falcão;
24,Fernando Pedroza;
35,Fernando Prestes;
35,Fernandópolis;
35,Fernão;
35,Ferraz de Vasconcelos;
16,Ferreira Gomes;
26,Ferreiros;
31,Ferros;
31,Fervedouro;
41,Figueira;
50,Figueirão;
17,Figueirópolis;
51,Figueirópolis D'oeste;
17,Filadélfia;
29,Filadélfia;
29,Firmino Alves;
52,Firminópolis;
27,Flexeiras;
41,Flor da Serra do Sul;
42,Flor do Sertão;
35,Flora Rica;
41,Floraí;
24,Florânia;
35,Floreal;
26,Flores;
43,Flores da Cunha;
52,Flores de Goiás;
22,Flores do Piauí;
26,Floresta;
41,Floresta;
29,Floresta Azul;
15,Floresta do Araguaia;
22,Floresta do Piauí;
31,Florestal;
41,Florestópolis;
22,Floriano;
43,Floriano Peixoto;
42,Florianópolis;
41,Flórida;
35,Flórida Paulista;
35,Florínia;
13,Fonte Boa;
43,Fontoura Xavier;
31,Formiga;
43,Formigueiro;
52,Formosa;
21,Formosa da Serra Negra;
41,Formosa do Oeste;
29,Formosa do Rio Preto;
42,Formosa do Sul;
31,Formoso;
52,Formoso;
17,Formoso do Araguaia;
43,Forquetinha;
23,Forquilha;
42,Forquilhinha;
23,Fortaleza;
31,Fortaleza de Minas;
17,Fortaleza do Tabocão;
21,Fortaleza dos Nogueiras;
43,Fortaleza dos Valos;
23,Fortim;
21,Fortuna;
31,Fortuna de Minas;
41,Foz do Iguaçu;
41,Foz do Jordão;
42,Fraiburgo;
35,Franca;
22,Francinópolis;
41,Francisco Alves;
22,Francisco Ayres;
31,Francisco Badaró;
41,Francisco Beltrão;
24,Francisco dantas;
31,Francisco Dumont;
22,Francisco Macedo;
35,Francisco Morato;
31,Francisco Sá;
22,Francisco Santos;
31,Franciscópolis;
35,Franco da Rocha;
23,Frecheirinha;
43,Frederico Westphalen;
31,Frei Gaspar;
31,Frei Inocêncio;
31,Frei Lagonegro;
25,Frei Martinho;
26,Frei Miguelinho;
28,Frei Paulo;
42,Frei Rogério;
31,Fronteira;
31,Fronteira dos Vales;
22,Fronteiras;
31,Fruta de Leite;
31,Frutal;
24,Frutuoso Gomes;
32,Fundão;
31,Funilândia;
35,Gabriel Monteiro;
25,Gado Bravo;
35,Gália;
31,Galiléia;
24,Galinhos;
42,Galvão;
26,Gameleira;
52,Gameleira de Goiás;
31,Gameleiras;
29,Gandu;
26,Garanhuns;
28,Gararu;
35,Garça;
43,Garibaldi;
42,Garopaba;
15,Garrafão do Norte;
43,Garruchos;
42,Garuva;
42,Gaspar;
35,Gastão Vidigal;
51,Gaúcha do Norte;
43,Gaurama;
29,Gavião;
35,Gavião Peixoto;
22,Geminiano;
43,General Câmara;
41,General Carneiro;
51,General Carneiro;
28,General Maynard;
35,General Salgado;
23,General Sampaio;
43,Gentil;
29,Gentio do Ouro;
35,Getulina;
43,Getúlio Vargas;
22,Gilbués;
27,Girau do Ponciano;
43,Giruá;
31,Glaucilândia;
35,Glicério;
29,Glória;
51,Glória D'oeste;
50,Glória de dourados;
26,Glória do Goitá;
43,Glorinha;
21,Godofredo Viana;
41,Godoy Moreira;
31,Goiabeira;
26,Goiana;
31,Goianá;
52,Goianápolis;
52,Goiandira;
52,Goianésia;
15,Goianésia do Pará;
52,Goiânia;
24,Goianinha;
52,Goianira;
17,Goianorte;
52,Goiás;
17,Goiatins;
52,Goiatuba;
41,Goioerê;
41,Goioxim;
31,Gonçalves;
21,Gonçalves Dias;
29,Gongogi;
31,Gonzaga;
31,Gouveia;
52,Gouvelândia;
21,Governador Archer;
42,Governador Celso Ramos;
24,Governador Dix-Sept Rosado;
21,Governador Edison Lobão;
21,Governador Eugênio Barros;
11,Governador Jorge Teixeira;
32,Governador Lindenberg;
21,Governador Luiz Rocha;
29,Governador Mangabeira;
21,Governador Newton Bello;
21,Governador Nunes Freire;
31,Governador Valadares;
23,Graça;
21,Graça Aranha;
28,Gracho Cardoso;
21,Grajaú;
43,Gramado;
43,Gramado dos Loureiros;
43,Gramado Xavier;
41,Grandes Rios;
26,Granito;
23,Granja;
23,Granjeiro;
31,Grão Mogol;
42,Grão Pará;
26,Gravatá;
43,Gravataí;
42,Gravatal;
23,Groaíras;
24,Grossos;
31,Grupiara;
43,Guabiju;
42,Guabiruba;
32,Guaçuí;
22,Guadalupe;
43,Guaíba;
35,Guaiçara;
35,Guaimbê;
35,Guaíra;
41,Guaíra;
41,Guairaçá;
23,Guaiúba;
13,Guajará;
11,Guajará-Mirim;
29,Guajeru;
24,Guamaré;
41,Guamiranga;
29,Guanambi;
31,Guanhães;
31,Guapé;
35,Guapiaçu;
35,Guapiara;
33,Guapimirim;
41,Guapirama;
52,Guapó;
43,Guaporé;
41,Guaporema;
35,Guará;
25,Guarabira;
35,Guaraçaí;
35,Guaraci;
41,Guaraci;
31,Guaraciaba;
42,Guaraciaba;
23,Guaraciaba do Norte;
31,Guaraciama;
17,Guaraí;
52,Guaraíta;
23,Guaramiranga;
42,Guaramirim;
31,Guaranésia;
31,Guarani;
35,Guarani D'oeste;
43,Guarani das Missões;
52,Guarani de Goiás;
41,Guaraniaçu;
35,Guarantã;
51,Guarantã do Norte;
32,Guarapari;
41,Guarapuava;
41,Guaraqueçaba;
31,Guarará;
35,Guararapes;
35,Guararema;
29,Guaratinga;
35,Guaratinguetá;
41,Guaratuba;
31,Guarda-Mor;
35,Guareí;
35,Guariba;
22,Guaribas;
52,Guarinos;
35,Guarujá;
42,Guarujá do Sul;
35,Guarulhos;
42,Guatambú;
35,Guatapará;
31,Guaxupé;
50,Guia Lopes da Laguna;
31,Guidoval;
21,Guimarães;
31,Guimarânia;
51,Guiratinga;
31,Guiricema;
31,Gurinhatã;
25,Gurinhém;
25,Gurjão;
15,Gurupá;
17,Gurupi;
35,Guzolândia;
43,Harmonia;
52,Heitoraí;
31,Heliodora;
29,Heliópolis;
35,Herculândia;
43,Herval;
42,Herval D'oeste;
43,Herveiras;
23,Hidrolândia;
52,Hidrolândia;
52,Hidrolina;
35,Holambra;
41,Honório Serpa;
23,Horizonte;
43,Horizontina;
35,Hortolândia;
22,Hugo Napoleão;
43,Hulha Negra;
13,Humaitá;
43,Humaitá;
21,Humberto de Campos;
35,Iacanga;
52,Iaciara;
35,Iacri;
29,Iaçu;
31,Iapu;
35,Iaras;
26,Iati;
41,Ibaiti;
43,Ibarama;
23,Ibaretama;
35,Ibaté;
27,Ibateguara;
32,Ibatiba;
41,Ibema;
31,Ibertioga;
31,Ibiá;
43,Ibiaçá;
31,Ibiaí;
42,Ibiam;
23,Ibiapina;
25,Ibiara;
29,Ibiassucê;
29,Ibicaraí;
42,Ibicaré;
29,Ibicoara;
29,Ibicuí;
23,Ibicuitinga;
26,Ibimirim;
29,Ibipeba;
29,Ibipitanga;
41,Ibiporã;
29,Ibiquera;
35,Ibirá;
31,Ibiracatu;
31,Ibiraci;
32,Ibiraçu;
43,Ibiraiaras;
26,Ibirajuba;
42,Ibirama;
29,Ibirapitanga;
29,Ibirapuã;
43,Ibirapuitã;
35,Ibirarema;
29,Ibirataia;
31,Ibirité;
43,Ibirubá;
29,Ibitiara;
35,Ibitinga;
32,Ibitirama;
29,Ibititá;
31,Ibitiúra de Minas;
31,Ibituruna;
35,Ibiúna;
29,Ibotirama;
23,Icapuí;
42,Içara;
31,Icaraí de Minas;
41,Icaraíma;
21,Icatu;
35,Icém;
29,Ichu;
23,Icó;
32,Iconha;
24,Ielmo Marinho;
35,Iepê;
27,Igaci;
29,Igaporã;
35,Igaraçu do Tietê;
25,Igaracy;
35,Igarapava;
31,Igarapé;
21,Igarapé do Meio;
21,Igarapé Grande;
15,Igarapé-Açu;
15,Igarapé-Miri;
26,Igarassu;
35,Igaratá;
31,Igaratinga;
29,Igrapiúna;
27,Igreja Nova;
43,Igrejinha;
33,Iguaba Grande;
29,Iguaí;
35,Iguape;
41,Iguaraçu;
26,Iguaracy;
31,Iguatama;
50,Iguatemi;
23,Iguatu;
41,Iguatu;
31,Ijaci;
43,Ijuí;
35,Ilha Comprida;
28,Ilha das Flores;
26,Ilha de Itamaracá;
22,Ilha Grande;
35,Ilha Solteira;
35,Ilhabela;
29,Ilhéus;
42,Ilhota;
31,Ilicínea;
43,Ilópolis;
25,Imaculada;
42,Imaruí;
41,Imbaú;
43,Imbé;
31,Imbé de Minas;
42,Imbituba;
41,Imbituva;
42,Imbuia;
43,Imigrante;
21,Imperatriz;
41,Inácio Martins;
52,Inaciolândia;
26,Inajá;
41,Inajá;
31,Inconfidentes;
31,Indaiabira;
42,Indaial;
35,Indaiatuba;
23,Independência;
43,Independência;
35,Indiana;
31,Indianópolis;
41,Indianópolis;
35,Indiaporã;
52,Indiara;
28,Indiaroba;
51,Indiavaí;
25,Ingá;
31,Ingaí;
26,Ingazeira;
43,Inhacorá;
29,Inhambupe;
15,Inhangapi;
27,Inhapi;
31,Inhapim;
31,Inhaúma;
22,Inhuma;
52,Inhumas;
31,Inimutaba;
50,Inocência;
35,Inúbia Paulista;
42,Iomerê;
31,Ipaba;
52,Ipameri;
31,Ipanema;
24,Ipanguaçu;
23,Ipaporanga;
31,Ipatinga;
23,Ipaumirim;
35,Ipaussu;
43,Ipê;
29,Ipecaetá;
35,Iperó;
35,Ipeúna;
31,Ipiaçu;
29,Ipiaú;
35,Ipiguá;
42,Ipira;
29,Ipirá;
41,Ipiranga;
52,Ipiranga de Goiás;
51,Ipiranga do Norte;
22,Ipiranga do Piauí;
43,Ipiranga do Sul;
13,Ipixuna;
15,Ipixuna do Pará;
26,Ipojuca;
52,Iporá;
41,Iporã;
42,Iporã do Oeste;
35,Iporanga;
23,Ipu;
35,Ipuã;
42,Ipuaçu;
26,Ipubi;
24,Ipueira;
17,Ipueiras;
23,Ipueiras;
31,Ipuiúna;
42,Ipumirim;
29,Ipupiara;
14,Iracema;
23,Iracema;
41,Iracema do Oeste;
35,Iracemápolis;
42,Iraceminha;
43,Iraí;
31,Iraí de Minas;
29,Irajuba;
29,Iramaia;
13,Iranduba;
42,Irani;
35,Irapuã;
35,Irapuru;
29,Iraquara;
29,Irará;
41,Irati;
42,Irati;
23,Irauçuba;
29,Irecê;
41,Iretama;
42,Irineópolis;
15,Irituia;
32,Irupi;
22,Isaías Coelho;
52,Israelândia;
42,Itá;
43,Itaara;
25,Itabaiana;
28,Itabaiana;
28,Itabaianinha;
29,Itabela;
35,Itaberá;
29,Itaberaba;
52,Itaberaí;
28,Itabi;
31,Itabira;
31,Itabirinha;
31,Itabirito;
33,Itaboraí;
29,Itabuna;
17,Itacajá;
31,Itacambira;
31,Itacarambi;
29,Itacaré;
13,Itacoatiara;
26,Itacuruba;
43,Itacurubi;
29,Itaeté;
29,Itagi;
29,Itagibá;
29,Itagimirim;
32,Itaguaçu;
29,Itaguaçu da Bahia;
33,Itaguaí;
41,Itaguajé;
31,Itaguara;
52,Itaguari;
52,Itaguaru;
17,Itaguatins;
35,Itaí;
26,Itaíba;
23,Itaiçaba;
22,Itainópolis;
42,Itaiópolis;
21,Itaipava do Grajaú;
31,Itaipé;
41,Itaipulândia;
23,Itaitinga;
15,Itaituba;
24,Itajá;
52,Itajá;
42,Itajaí;
35,Itajobi;
35,Itaju;
29,Itaju do Colônia;
31,Itajubá;
29,Itajuípe;
33,Italva;
29,Itamaraju;
31,Itamarandiba;
13,Itamarati;
31,Itamarati de Minas;
29,Itamari;
31,Itambacuri;
41,Itambaracá;
26,Itambé;
29,Itambé;
41,Itambé;
31,Itambé do Mato dentro;
31,Itamogi;
31,Itamonte;
29,Itanagra;
35,Itanhaém;
31,Itanhandu;
51,Itanhangá;
29,Itanhém;
31,Itanhomi;
31,Itaobim;
35,Itaóca;
33,Itaocara;
52,Itapaci;
31,Itapagipe;
23,Itapajé;
29,Itaparica;
29,Itapé;
29,Itapebi;
31,Itapecerica;
35,Itapecerica da Serra;
21,Itapecuru Mirim;
41,Itapejara D'oeste;
42,Itapema;
32,Itapemirim;
41,Itaperuçu;
33,Itaperuna;
26,Itapetim;
29,Itapetinga;
35,Itapetininga;
31,Itapeva;
35,Itapeva;
35,Itapevi;
29,Itapicuru;
23,Itapipoca;
35,Itapira;
13,Itapiranga;
42,Itapiranga;
52,Itapirapuã;
35,Itapirapuã Paulista;
17,Itapiratins;
26,Itapissuma;
29,Itapitanga;
23,Itapiúna;
42,Itapoá;
35,Itápolis;
50,Itaporã;
17,Itaporã do Tocantins;
25,Itaporanga;
35,Itaporanga;
28,Itaporanga D'ajuda;
25,Itapororoca;
11,Itapuã do Oeste;
43,Itapuca;
35,Itapuí;
35,Itapura;
52,Itapuranga;
35,Itaquaquecetuba;
29,Itaquara;
43,Itaqui;
50,Itaquiraí;
26,Itaquitinga;
32,Itarana;
29,Itarantim;
35,Itararé;
23,Itarema;
35,Itariri;
52,Itarumã;
43,Itati;
33,Itatiaia;
31,Itatiaiuçu;
35,Itatiba;
43,Itatiba do Sul;
29,Itatim;
35,Itatinga;
23,Itatira;
25,Itatuba;
24,Itaú;
31,Itaú de Minas;
51,Itaúba;
16,Itaubal;
52,Itauçu;
22,Itaueira;
31,Itaúna;
41,Itaúna do Sul;
31,Itaverava;
31,Itinga;
21,Itinga do Maranhão;
51,Itiquira;
35,Itirapina;
35,Itirapuã;
29,Itiruçu;
29,Itiúba;
35,Itobi;
29,Itororó;
35,Itu;
29,Ituaçu;
29,Ituberá;
31,Itueta;
31,Ituiutaba;
52,Itumbiara;
31,Itumirim;
35,Itupeva;
15,Itupiranga;
42,Ituporanga;
31,Iturama;
31,Itutinga;
35,Ituverava;
29,Iuiú;
32,Iúna;
41,Ivaí;
41,Ivaiporã;
41,Ivaté;
41,Ivatuba;
50,Ivinhema;
52,Ivolândia;
43,Ivorá;
43,Ivoti;
26,Jaboatão dos Guararapes;
42,Jaborá;
29,Jaborandi;
35,Jaborandi;
41,Jaboti;
43,Jaboticaba;
35,Jaboticabal;
31,Jaboticatubas;
24,Jaçanã;
29,Jacaraci;
25,Jacaraú;
27,Jacaré dos Homens;
15,Jacareacanga;
35,Jacareí;
41,Jacarezinho;
35,Jaci;
51,Jaciara;
31,Jacinto;
42,Jacinto Machado;
29,Jacobina;
22,Jacobina do Piauí;
31,Jacuí;
27,Jacuípe;
43,Jacuizinho;
15,Jacundá;
35,Jacupiranga;
31,Jacutinga;
43,Jacutinga;
41,Jaguapitã;
29,Jaguaquara;
31,Jaguaraçu;
43,Jaguarão;
29,Jaguarari;
32,Jaguaré;
23,Jaguaretama;
43,Jaguari;
41,Jaguariaíva;
23,Jaguaribara;
23,Jaguaribe;
29,Jaguaripe;
35,Jaguariúna;
23,Jaguaruana;
42,Jaguaruna;
31,Jaíba;
22,Jaicós;
35,Jales;
35,Jambeiro;
31,Jampruca;
31,Janaúba;
52,Jandaia;
41,Jandaia do Sul;
24,Jandaíra;
29,Jandaíra;
35,Jandira;
24,Janduís;
51,Jangada;
41,Janiópolis;
31,Januária;
24,Januário Cicco;
31,Japaraíba;
27,Japaratinga;
28,Japaratuba;
33,Japeri;
24,Japi;
41,Japira;
28,Japoatã;
31,Japonvar;
50,Japorã;
13,Japurá;
41,Japurá;
26,Jaqueira;
43,Jaquirana;
52,Jaraguá;
42,Jaraguá do Sul;
50,Jaraguari;
27,Jaramataia;
23,Jardim;
50,Jardim;
41,Jardim Alegre;
24,Jardim de Angicos;
24,Jardim de Piranhas;
22,Jardim do Mulato;
24,Jardim do Seridó;
41,Jardim Olinda;
35,Jardinópolis;
42,Jardinópolis;
43,Jari;
35,Jarinu;
11,Jaru;
52,Jataí;
41,Jataizinho;
26,Jataúba;
50,Jateí;
23,Jati;
21,Jatobá;
26,Jatobá;
22,Jatobá do Piauí;
35,Jaú;
17,Jaú do Tocantins;
52,Jaupaci;
51,Jauru;
31,Jeceaba;
31,Jenipapo de Minas;
21,Jenipapo dos Vieiras;
31,Jequeri;
27,Jequiá da Praia;
29,Jequié;
31,Jequitaí;
31,Jequitibá;
31,Jequitinhonha;
29,Jeremoabo;
25,Jericó;
35,Jeriquara;
32,Jerônimo Monteiro;
22,Jerumenha;
31,Jesuânia;
41,Jesuítas;
52,Jesúpolis;
11,Ji-Paraná;
23,Jijoca de Jericoacoara;
29,Jiquiriçá;
29,Jitaúna;
42,Joaçaba;
31,Joaíma;
31,Joanésia;
35,Joanópolis;
26,João Alfredo;
24,João Câmara;
22,João Costa;
24,João Dias;
29,João dourado;
21,João Lisboa;
31,João Monlevade;
32,João Neiva;
25,João Pessoa;
31,João Pinheiro;
35,João Ramalho;
31,Joaquim Felício;
27,Joaquim Gomes;
26,Joaquim Nabuco;
22,Joaquim Pires;
41,Joaquim Távora;
25,Joca Claudino;
22,Joca Marques;
43,Jóia;
42,Joinville;
31,Jordânia;
12,Jordão;
42,José Boiteux;
35,José Bonifácio;
24,José da Penha;
22,José de Freitas;
31,José Gonçalves de Minas;
31,José Raydan;
21,Joselândia;
31,Josenópolis;
52,Joviânia;
51,Juara;
25,Juarez Távora;
17,Juarina;
31,Juatuba;
25,Juazeirinho;
29,Juazeiro;
23,Juazeiro do Norte;
22,Juazeiro do Piauí;
23,Jucás;
26,Jucati;
29,Jucuruçu;
24,Jucurutu;
51,Juína;
31,Juiz de Fora;
22,Júlio Borges;
43,Júlio de Castilhos;
35,Júlio Mesquita;
35,Jumirim;
21,Junco do Maranhão;
25,Junco do Seridó;
24,Jundiá;
27,Jundiá;
35,Jundiaí;
41,Jundiaí do Sul;
27,Junqueiro;
35,Junqueirópolis;
26,Jupi;
42,Jupiá;
35,Juquiá;
35,Juquitiba;
31,Juramento;
41,Juranda;
22,Jurema;
26,Jurema;
25,Juripiranga;
25,Juru;
13,Juruá;
31,Juruaia;
51,Juruena;
15,Juruti;
51,Juscimeira;
29,Jussara;
41,Jussara;
52,Jussara;
29,Jussari;
29,Jussiape;
13,Jutaí;
50,Juti;
31,Juvenília;
41,Kaloré;
13,Lábrea;
42,Lacerdópolis;
31,Ladainha;
50,Ladário;
29,Lafaiete Coutinho;
31,Lagamar;
28,Lagarto;
42,Lages;
21,Lago da Pedra;
21,Lago do Junco;
21,Lago dos Rodrigues;
21,Lago Verde;
25,Lagoa;
22,Lagoa Alegre;
43,Lagoa Bonita do Sul;
24,Lagoa D'anta;
27,Lagoa da Canoa;
17,Lagoa da Confusão;
31,Lagoa da Prata;
25,Lagoa de dentro;
26,Lagoa de Itaenga;
24,Lagoa de Pedras;
22,Lagoa de São Francisco;
24,Lagoa de Velhos;
22,Lagoa do Barro do Piauí;
26,Lagoa do Carro;
21,Lagoa do Mato;
26,Lagoa do Ouro;
22,Lagoa do Piauí;
22,Lagoa do Sítio;
17,Lagoa do Tocantins;
26,Lagoa dos Gatos;
31,Lagoa dos Patos;
43,Lagoa dos Três Cantos;
31,Lagoa dourada;
31,Lagoa Formosa;
26,Lagoa Grande;
31,Lagoa Grande;
21,Lagoa Grande do Maranhão;
24,Lagoa Nova;
29,Lagoa Real;
24,Lagoa Salgada;
31,Lagoa Santa;
52,Lagoa Santa;
25,Lagoa Seca;
43,Lagoa Vermelha;
43,Lagoão;
35,Lagoinha;
22,Lagoinha do Piauí;
42,Laguna;
50,Laguna Carapã;
29,Laje;
33,Laje do Muriaé;
17,Lajeado;
43,Lajeado;
43,Lajeado do Bugre;
42,Lajeado Grande;
21,Lajeado Novo;
29,Lajedão;
29,Lajedinho;
26,Lajedo;
29,Lajedo do Tabocal;
24,Lajes;
24,Lajes Pintadas;
31,Lajinha;
29,Lamarão;
31,Lambari;
51,Lambari D'oeste;
31,Lamim;
22,Landri Sales;
41,Lapa;
29,Lapão;
32,Laranja da Terra;
31,Laranjal;
41,Laranjal;
16,Laranjal do Jari;
35,Laranjal Paulista;
28,Laranjeiras;
41,Laranjeiras do Sul;
31,Lassance;
25,Lastro;
42,Laurentino;
29,Lauro de Freitas;
42,Lauro Muller;
17,Lavandeira;
35,Lavínia;
31,Lavras;
23,Lavras da Mangabeira;
43,Lavras do Sul;
35,Lavrinhas;
31,Leandro Ferreira;
42,Lebon Régis;
35,Leme;
31,Leme do Prado;
29,Lençóis;
35,Lençóis Paulista;
42,Leoberto Leal;
31,Leopoldina;
52,Leopoldo de Bulhões;
41,Leópolis;
43,Liberato Salzano;
31,Liberdade;
29,Licínio de Almeida;
41,Lidianópolis;
21,Lima Campos;
31,Lima Duarte;
35,Limeira;
31,Limeira do Oeste;
26,Limoeiro;
27,Limoeiro de Anadia;
15,Limoeiro do Ajuru;
23,Limoeiro do Norte;
41,Lindoeste;
35,Lindóia;
42,Lindóia do Sul;
43,Lindolfo Collor;
43,Linha Nova;
32,Linhares;
35,Lins;
25,Livramento;
29,Livramento de Nossa Senhora;
17,Lizarda;
41,Loanda;
41,Lobato;
25,Logradouro;
41,Londrina;
31,Lontra;
42,Lontras;
35,Lorena;
21,Loreto;
35,Lourdes;
35,Louveira;
51,Lucas do Rio Verde;
35,Lucélia;
25,Lucena;
35,Lucianópolis;
51,Luciara;
24,Lucrécia;
35,Luís Antônio;
22,Luís Correia;
21,Luís domingues;
29,Luís Eduardo Magalhães;
24,Luís Gomes;
31,Luisburgo;
31,Luislândia;
42,Luiz Alves;
41,Luiziana;
35,Luiziânia;
31,Luminárias;
41,Lunardelli;
35,Lupércio;
41,Lupionópolis;
35,Lutécia;
31,Luz;
42,Luzerna;
52,Luziânia;
22,Luzilândia;
17,Luzinópolis;
33,Macaé;
24,Macaíba;
29,Macajuba;
43,Maçambará;
28,Macambira;
16,Macapá;
26,Macaparana;
29,Macarani;
35,Macatuba;
24,Macau;
35,Macaubal;
29,Macaúbas;
35,Macedônia;
27,Maceió;
31,Machacalis;
43,Machadinho;
11,Machadinho D'oeste;
31,Machado;
26,Machados;
42,Macieira;
33,Macuco;
29,Macururé;
23,Madalena;
22,Madeiro;
29,Madre de deus;
31,Madre de deus de Minas;
25,Mãe D'água;
15,Mãe do Rio;
29,Maetinga;
42,Mafra;
15,Magalhães Barata;
21,Magalhães de Almeida;
35,Magda;
33,Magé;
29,Maiquinique;
29,Mairi;
35,Mairinque;
35,Mairiporã;
52,Mairipotaba;
42,Major Gercino;
27,Major Isidoro;
24,Major Sales;
42,Major Vieira;
31,Malacacheta;
29,Malhada;
29,Malhada de Pedras;
28,Malhada dos Bois;
28,Malhador;
41,Mallet;
25,Malta;
25,Mamanguape;
52,Mambaí;
41,Mamborê;
31,Mamonas;
43,Mampituba;
13,Manacapuru;
25,Manaíra;
13,Manaquiri;
26,Manari;
13,Manaus;
12,Mâncio Lima;
41,Mandaguaçu;
41,Mandaguari;
41,Mandirituba;
35,Manduri;
41,Manfrinópolis;
31,Manga;
33,Mangaratiba;
41,Mangueirinha;
31,Manhuaçu;
31,Manhumirim;
13,Manicoré;
22,Manoel Emídio;
41,Manoel Ribas;
12,Manoel Urbano;
43,Manoel Viana;
29,Manoel Vitorino;
29,Mansidão;
31,Mantena;
32,Mantenópolis;
43,Maquiné;
31,Mar de Espanha;
27,Mar Vermelho;
52,Mara Rosa;
13,Maraã;
15,Marabá;
35,Marabá Paulista;
21,Maracaçumé;
35,Maracaí;
42,Maracajá;
50,Maracaju;
15,Maracanã;
23,Maracanaú;
29,Maracás;
27,Maragogi;
29,Maragogipe;
26,Maraial;
21,Marajá do Sena;
23,Maranguape;
21,Maranhãozinho;
15,Marapanim;
35,Marapoama;
43,Maratá;
32,Marataízes;
43,Marau;
29,Maraú;
27,Maravilha;
42,Maravilha;
31,Maravilhas;
25,Marcação;
51,Marcelândia;
43,Marcelino Ramos;
24,Marcelino Vieira;
29,Marcionílio Souza;
23,Marco;
22,Marcolândia;
22,Marcos Parente;
41,Marechal Cândido Rondon;
27,Marechal deodoro;
32,Marechal Floriano;
12,Marechal Thaumaturgo;
42,Marema;
25,Mari;
31,Maria da Fé;
41,Maria Helena;
41,Marialva;
31,Mariana;
43,Mariana Pimentel;
43,Mariano Moro;
17,Marianópolis do Tocantins;
35,Mariápolis;
27,Maribondo;
33,Maricá;
31,Marilac;
32,Marilândia;
41,Marilândia do Sul;
41,Marilena;
35,Marília;
41,Mariluz;
41,Maringá;
35,Marinópolis;
31,Mário Campos;
41,Mariópolis;
41,Maripá;
31,Maripá de Minas;
15,Marituba;
25,Marizópolis;
31,Marliéria;
41,Marmeleiro;
31,Marmelópolis;
43,Marques de Souza;
41,Marquinho;
31,Martinho Campos;
23,Martinópole;
35,Martinópolis;
24,Martins;
31,Martins Soares;
28,Maruim;
41,Marumbi;
52,Marzagão;
29,Mascote;
23,Massapê;
22,Massapê do Piauí;
25,Massaranduba;
42,Massaranduba;
43,Mata;
29,Mata de São João;
27,Mata Grande;
21,Mata Roma;
31,Mata Verde;
35,Matão;
25,Mataraca;
17,Mateiros;
41,Matelândia;
31,Materlândia;
31,Mateus Leme;
31,Mathias Lobato;
31,Matias Barbosa;
31,Matias Cardoso;
22,Matias Olímpio;
29,Matina;
21,Matinha;
25,Matinhas;
41,Matinhos;
31,Matipó;
43,Mato Castelhano;
25,Mato Grosso;
43,Mato Leitão;
43,Mato Queimado;
41,Mato Rico;
31,Mato Verde;
21,Matões;
21,Matões do Norte;
42,Matos Costa;
31,Matozinhos;
52,Matrinchã;
27,Matriz de Camaragibe;
51,Matupá;
25,Maturéia;
31,Matutina;
35,Mauá;
41,Mauá da Serra;
13,Maués;
52,Maurilândia;
17,Maurilândia do Tocantins;
23,Mauriti;
24,Maxaranguape;
43,Maximiliano de Almeida;
16,Mazagão;
31,Medeiros;
29,Medeiros Neto;
41,Medianeira;
15,Medicilândia;
31,Medina;
42,Meleiro;
15,Melgaço;
33,Mendes;
31,Mendes Pimentel;
35,Mendonça;
41,Mercedes;
31,Mercês;
35,Meridiano;
23,Meruoca;
35,Mesópolis;
31,Mesquita;
33,Mesquita;
27,Messias;
24,Messias Targino;
22,Miguel Alves;
29,Miguel Calmon;
22,Miguel Leão;
33,Miguel Pereira;
35,Miguelópolis;
23,Milagres;
29,Milagres;
21,Milagres do Maranhão;
23,Milhã;
22,Milton Brandão;
52,Mimoso de Goiás;
32,Mimoso do Sul;
52,Minaçu;
27,Minador do Negrão;
43,Minas do Leão;
31,Minas Novas;
31,Minduri;
52,Mineiros;
35,Mineiros do Tietê;
11,Ministro Andreazza;
35,Mira Estrela;
31,Mirabela;
35,Miracatu;
33,Miracema;
17,Miracema do Tocantins;
21,Mirador;
41,Mirador;
31,Miradouro;
43,Miraguaí;
31,Miraí;
23,Miraíma;
50,Miranda;
21,Miranda do Norte;
26,Mirandiba;
35,Mirandópolis;
29,Mirangaba;
17,Miranorte;
29,Mirante;
11,Mirante da Serra;
35,Mirante do Paranapanema;
41,Miraselva;
35,Mirassol;
51,Mirassol D'oeste;
35,Mirassolândia;
31,Miravânia;
42,Mirim doce;
21,Mirinzal;
41,Missal;
23,Missão Velha;
15,Mocajuba;
35,Mococa;
42,Modelo;
31,Moeda;
31,Moema;
25,Mogeiro;
35,Mogi das Cruzes;
35,Mogi Guaçu;
35,Mogi Mirim;
52,Moiporá;
28,Moita Bonita;
15,Moju;
15,Mojuí dos Campos;
23,Mombaça;
35,Mombuca;
21,Monção;
35,Monções;
42,Mondaí;
35,Mongaguá;
31,Monjolos;
22,Monsenhor Gil;
22,Monsenhor Hipólito;
31,Monsenhor Paulo;
23,Monsenhor Tabosa;
25,Montadas;
31,Montalvânia;
32,Montanha;
24,Montanhas;
43,Montauri;
15,Monte Alegre;
24,Monte Alegre;
52,Monte Alegre de Goiás;
31,Monte Alegre de Minas;
28,Monte Alegre de Sergipe;
22,Monte Alegre do Piauí;
35,Monte Alegre do Sul;
43,Monte Alegre dos Campos;
35,Monte Alto;
35,Monte Aprazível;
31,Monte Azul;
35,Monte Azul Paulista;
31,Monte Belo;
43,Monte Belo do Sul;
42,Monte Carlo;
31,Monte Carmelo;
35,Monte Castelo;
42,Monte Castelo;
24,Monte das Gameleiras;
17,Monte do Carmo;
31,Monte Formoso;
25,Monte Horebe;
35,Monte Mor;
11,Monte Negro;
29,Monte Santo;
31,Monte Santo de Minas;
17,Monte Santo do Tocantins;
31,Monte Sião;
25,Monteiro;
35,Monteiro Lobato;
27,Monteirópolis;
43,Montenegro;
21,Montes Altos;
31,Montes Claros;
52,Montes Claros de Goiás;
31,Montezuma;
52,Montividiu;
52,Montividiu do Norte;
23,Morada Nova;
31,Morada Nova de Minas;
23,Moraújo;
26,Moreilândia;
41,Moreira Sales;
26,Moreno;
43,Mormaço;
29,Morpará;
41,Morretes;
23,Morrinhos;
52,Morrinhos;
43,Morrinhos do Sul;
35,Morro Agudo;
52,Morro Agudo de Goiás;
22,Morro Cabeça No Tempo;
42,Morro da Fumaça;
31,Morro da Garça;
29,Morro do Chapéu;
22,Morro do Chapéu do Piauí;
31,Morro do Pilar;
42,Morro Grande;
43,Morro Redondo;
43,Morro Reuter;
21,Morros;
29,Mortugaba;
35,Morungaba;
52,Mossâmedes;
24,Mossoró;
43,Mostardas;
35,Motuca;
52,Mozarlândia;
15,Muaná;
14,Mucajaí;
23,Mucambo;
29,Mucugê;
43,Muçum;
29,Mucuri;
32,Mucurici;
43,Muitos Capões;
43,Muliterno;
23,Mulungu;
25,Mulungu;
29,Mulungu do Morro;
29,Mundo Novo;
50,Mundo Novo;
52,Mundo Novo;
31,Munhoz;
41,Munhoz de Melo;
29,Muniz Ferreira;
32,Muniz Freire;
29,Muquém de São Francisco;
32,Muqui;
31,Muriaé;
28,Muribeca;
27,Murici;
22,Murici dos Portelas;
17,Muricilândia;
29,Muritiba;
35,Murutinga do Sul;
29,Mutuípe;
31,Mutum;
52,Mutunópolis;
31,Muzambinho;
31,Nacip Raydan;
35,Nantes;
31,Nanuque;
43,Não-Me-Toque;
31,Naque;
35,Narandiba;
24,Natal;
31,Natalândia;
31,Natércia;
17,Natividade;
33,Natividade;
35,Natividade da Serra;
25,Natuba;
42,Navegantes;
50,Naviraí;
17,Nazaré;
29,Nazaré;
26,Nazaré da Mata;
22,Nazaré do Piauí;
35,Nazaré Paulista;
31,Nazareno;
25,Nazarezinho;
22,Nazária;
52,Nazário;
28,Neópolis;
31,Nepomuceno;
52,Nerópolis;
35,Neves Paulista;
13,Nhamundá;
35,Nhandeara;
43,Nicolau Vergueiro;
29,Nilo Peçanha;
33,Nilópolis;
21,Nina Rodrigues;
31,Ninheira;
50,Nioaque;
35,Nipoã;
52,Niquelândia;
24,Nísia Floresta;
33,Niterói;
51,Nobres;
43,Nonoai;
29,Nordestina;
14,Normandia;
51,Nortelândia;
28,Nossa Senhora Aparecida;
28,Nossa Senhora da Glória;
28,Nossa Senhora das dores;
41,Nossa Senhora das Graças;
28,Nossa Senhora de Lourdes;
22,Nossa Senhora de Nazaré;
51,Nossa Senhora do Livramento;
28,Nossa Senhora do Socorro;
22,Nossa Senhora dos Remédios;
35,Nova Aliança;
41,Nova Aliança do Ivaí;
43,Nova Alvorada;
50,Nova Alvorada do Sul;
52,Nova América;
41,Nova América da Colina;
50,Nova Andradina;
43,Nova Araçá;
41,Nova Aurora;
52,Nova Aurora;
51,Nova Bandeirantes;
43,Nova Bassano;
31,Nova Belém;
43,Nova Boa Vista;
51,Nova Brasilândia;
11,Nova Brasilândia D'oeste;
43,Nova Bréscia;
35,Nova Campina;
29,Nova Canaã;
51,Nova Canaã do Norte;
35,Nova Canaã Paulista;
43,Nova Candelária;
41,Nova Cantu;
35,Nova Castilho;
21,Nova Colinas;
52,Nova Crixás;
24,Nova Cruz;
31,Nova Era;
42,Nova Erechim;
41,Nova Esperança;
15,Nova Esperança do Piriá;
41,Nova Esperança do Sudoeste;
43,Nova Esperança do Sul;
35,Nova Europa;
29,Nova Fátima;
41,Nova Fátima;
25,Nova Floresta;
33,Nova Friburgo;
52,Nova Glória;
35,Nova Granada;
51,Nova Guarita;
35,Nova Guataporanga;
43,Nova Hartz;
29,Nova Ibiá;
33,Nova Iguaçu;
52,Nova Iguaçu de Goiás;
35,Nova Independência;
21,Nova Iorque;
15,Nova Ipixuna;
42,Nova Itaberaba;
29,Nova Itarana;
51,Nova Lacerda;
41,Nova Laranjeiras;
31,Nova Lima;
41,Nova Londrina;
35,Nova Luzitânia;
11,Nova Mamoré;
51,Nova Marilândia;
51,Nova Maringá;
31,Nova Módica;
51,Nova Monte Verde;
51,Nova Mutum;
51,Nova Nazaré;
35,Nova Odessa;
41,Nova Olímpia;
51,Nova Olímpia;
17,Nova Olinda;
23,Nova Olinda;
25,Nova Olinda;
21,Nova Olinda do Maranhão;
13,Nova Olinda do Norte;
43,Nova Pádua;
43,Nova Palma;
25,Nova Palmeira;
43,Nova Petrópolis;
31,Nova Ponte;
31,Nova Porteirinha;
43,Nova Prata;
41,Nova Prata do Iguaçu;
43,Nova Ramada;
29,Nova Redenção;
31,Nova Resende;
52,Nova Roma;
43,Nova Roma do Sul;
17,Nova Rosalândia;
23,Nova Russas;
41,Nova Santa Bárbara;
51,Nova Santa Helena;
22,Nova Santa Rita;
43,Nova Santa Rita;
41,Nova Santa Rosa;
31,Nova Serrana;
29,Nova Soure;
41,Nova Tebas;
15,Nova Timboteua;
42,Nova Trento;
51,Nova Ubiratã;
11,Nova União;
31,Nova União;
32,Nova Venécia;
42,Nova Veneza;
52,Nova Veneza;
29,Nova Viçosa;
51,Nova Xavantina;
35,Novais;
17,Novo Acordo;
13,Novo Airão;
17,Novo Alegre;
13,Novo Aripuanã;
43,Novo Barreiro;
52,Novo Brasil;
43,Novo Cabrais;
31,Novo Cruzeiro;
52,Novo Gama;
43,Novo Hamburgo;
29,Novo Horizonte;
35,Novo Horizonte;
42,Novo Horizonte;
51,Novo Horizonte do Norte;
11,Novo Horizonte do Oeste;
50,Novo Horizonte do Sul;
41,Novo Itacolomi;
17,Novo Jardim;
27,Novo Lino;
43,Novo Machado;
51,Novo Mundo;
23,Novo Oriente;
31,Novo Oriente de Minas;
22,Novo Oriente do Piauí;
52,Novo Planalto;
15,Novo Progresso;
15,Novo Repartimento;
22,Novo Santo Antônio;
51,Novo Santo Antônio;
51,Novo São Joaquim;
43,Novo Tiradentes;
29,Novo Triunfo;
43,Novo Xingu;
31,Novorizonte;
35,Nuporanga;
15,Óbidos;
23,Ocara;
35,Ocauçu;
22,Oeiras;
15,Oeiras do Pará;
16,Oiapoque;
31,Olaria;
35,Óleo;
25,Olho D'água;
21,Olho D'água das Cunhãs;
27,Olho D'água das Flores;
27,Olho D'água do Casado;
22,Olho D'água do Piauí;
27,Olho D'água Grande;
24,Olho-D'água do Borges;
31,Olhos-D'água;
35,Olímpia;
31,Olímpio Noronha;
26,Olinda;
21,Olinda Nova do Maranhão;
29,Olindina;
25,Olivedos;
31,Oliveira;
17,Oliveira de Fátima;
29,Oliveira dos Brejinhos;
31,Oliveira Fortes;
27,Olivença;
31,Onça de Pitangui;
35,Onda Verde;
31,Oratórios;
35,Oriente;
35,Orindiúva;
15,Oriximiná;
31,Orizânia;
52,Orizona;
35,Orlândia;
42,Orleans;
26,Orobó;
26,Orocó;
23,Orós;
41,Ortigueira;
35,Osasco;
35,Oscar Bressane;
43,Osório;
35,Osvaldo Cruz;
42,Otacílio Costa;
15,Ourém;
29,Ouriçangas;
26,Ouricuri;
15,Ourilândia do Norte;
35,Ourinhos;
41,Ourizona;
42,Ouro;
24,Ouro Branco;
27,Ouro Branco;
31,Ouro Branco;
31,Ouro Fino;
31,Ouro Preto;
11,Ouro Preto do Oeste;
25,Ouro Velho;
35,Ouro Verde;
42,Ouro Verde;
52,Ouro Verde de Goiás;
31,Ouro Verde de Minas;
41,Ouro Verde do Oeste;
35,Ouroeste;
29,Ourolândia;
52,Ouvidor;
35,Pacaembu;
15,Pacajá;
23,Pacajus;
14,Pacaraima;
23,Pacatuba;
28,Pacatuba;
21,Paço do Lumiar;
23,Pacoti;
23,Pacujá;
52,Padre Bernardo;
31,Padre Carvalho;
22,Padre Marcos;
31,Padre Paraíso;
22,Paes Landim;
31,Pai Pedro;
42,Paial;
41,Paiçandu;
43,Paim Filho;
31,Paineiras;
42,Painel;
31,Pains;
31,Paiva;
22,Pajeú do Piauí;
27,Palestina;
35,Palestina;
52,Palestina de Goiás;
15,Palestina do Pará;
23,Palhano;
42,Palhoça;
31,Palma;
42,Palma Sola;
23,Palmácia;
26,Palmares;
43,Palmares do Sul;
35,Palmares Paulista;
17,Palmas;
41,Palmas;
29,Palmas de Monte Alto;
41,Palmeira;
42,Palmeira;
35,Palmeira D'oeste;
43,Palmeira das Missões;
22,Palmeira do Piauí;
27,Palmeira dos Índios;
22,Palmeirais;
21,Palmeirândia;
17,Palmeirante;
29,Palmeiras;
52,Palmeiras de Goiás;
17,Palmeiras do Tocantins;
26,Palmeirina;
17,Palmeirópolis;
52,Palmelo;
52,Palminópolis;
35,Palmital;
41,Palmital;
43,Palmitinho;
42,Palmitos;
31,Palmópolis;
41,Palotina;
52,Panamá;
43,Panambi;
32,Pancas;
26,Panelas;
35,Panorama;
43,Pantano Grande;
27,Pão de Açúcar;
31,Papagaios;
42,Papanduva;
22,Paquetá;
31,Pará de Minas;
33,Paracambi;
31,Paracatu;
23,Paracuru;
15,Paragominas;
31,Paraguaçu;
35,Paraguaçu Paulista;
43,Paraí;
33,Paraíba do Sul;
21,Paraibano;
35,Paraibuna;
23,Paraipaba;
35,Paraíso;
42,Paraíso;
50,Paraíso das Águas;
41,Paraíso do Norte;
43,Paraíso do Sul;
17,Paraíso do Tocantins;
31,Paraisópolis;
23,Parambu;
29,Paramirim;
23,Paramoti;
24,Paraná;
17,Paranã;
41,Paranacity;
41,Paranaguá;
50,Paranaíba;
52,Paranaiguara;
51,Paranaíta;
35,Paranapanema;
41,Paranapoema;
35,Paranapuã;
26,Paranatama;
51,Paranatinga;
41,Paranavaí;
50,Paranhos;
31,Paraopeba;
35,Parapuã;
25,Parari;
29,Paratinga;
33,Paraty;
24,Paraú;
15,Parauapebas;
52,Paraúna;
24,Parazinho;
35,Pardinho;
43,Pareci Novo;
11,Parecis;
24,Parelhas;
27,Pariconha;
13,Parintins;
29,Paripiranga;
27,Paripueira;
35,Pariquera-Açu;
35,Parisi;
22,Parnaguá;
22,Parnaíba;
24,Parnamirim;
26,Parnamirim;
21,Parnarama;
43,Parobé;
24,Passa E Fica;
31,Passa Quatro;
43,Passa Sete;
31,Passa Tempo;
31,Passa-Vinte;
31,Passabém;
24,Passagem;
25,Passagem;
21,Passagem Franca;
22,Passagem Franca do Piauí;
26,Passira;
27,Passo de Camaragibe;
42,Passo de Torres;
43,Passo do Sobrado;
43,Passo Fundo;
31,Passos;
42,Passos Maia;
21,Pastos Bons;
31,Patis;
41,Pato Bragado;
41,Pato Branco;
25,Patos;
31,Patos de Minas;
22,Patos do Piauí;
31,Patrocínio;
31,Patrocínio do Muriaé;
35,Patrocínio Paulista;
24,Patu;
33,Paty do Alferes;
29,Pau Brasil;
15,Pau D'arco;
17,Pau D'arco;
22,Pau D'arco do Piauí;
24,Pau dos Ferros;
26,Paudalho;
13,Pauini;
31,Paula Cândido;
41,Paula Freitas;
35,Paulicéia;
35,Paulínia;
21,Paulino Neves;
25,Paulista;
26,Paulista;
22,Paulistana;
35,Paulistânia;
31,Paulistas;
29,Paulo Afonso;
43,Paulo Bento;
35,Paulo de Faria;
41,Paulo Frontin;
27,Paulo Jacinto;
42,Paulo Lopes;
21,Paulo Ramos;
31,Pavão;
43,Paverama;
22,Pavussu;
29,Pé de Serra;
41,Peabiru;
31,Peçanha;
35,Pederneiras;
26,Pedra;
31,Pedra Azul;
35,Pedra Bela;
31,Pedra Bonita;
23,Pedra Branca;
25,Pedra Branca;
16,Pedra Branca do Amapari;
31,Pedra do Anta;
31,Pedra do Indaiá;
31,Pedra dourada;
24,Pedra Grande;
25,Pedra Lavrada;
28,Pedra Mole;
24,Pedra Preta;
51,Pedra Preta;
31,Pedralva;
35,Pedranópolis;
29,Pedrão;
43,Pedras Altas;
25,Pedras de Fogo;
31,Pedras de Maria da Cruz;
42,Pedras Grandes;
35,Pedregulho;
35,Pedreira;
21,Pedreiras;
28,Pedrinhas;
35,Pedrinhas Paulista;
31,Pedrinópolis;
17,Pedro Afonso;
29,Pedro Alexandre;
24,Pedro Avelino;
32,Pedro Canário;
35,Pedro de Toledo;
21,Pedro do Rosário;
50,Pedro Gomes;
22,Pedro Ii;
22,Pedro Laurentino;
31,Pedro Leopoldo;
43,Pedro Osório;
25,Pedro Régis;
31,Pedro Teixeira;
24,Pedro Velho;
17,Peixe;
15,Peixe-Boi;
51,Peixoto de Azevedo;
43,Pejuçara;
43,Pelotas;
23,Penaforte;
21,Penalva;
35,Penápolis;
24,Pendências;
27,Penedo;
42,Penha;
23,Pentecoste;
31,Pequeri;
31,Pequi;
17,Pequizeiro;
31,Perdigão;
31,Perdizes;
31,Perdões;
35,Pereira Barreto;
35,Pereiras;
23,Pereiro;
21,Peri Mirim;
31,Periquito;
42,Peritiba;
21,Peritoró;
41,Perobal;
41,Pérola;
41,Pérola D'oeste;
52,Perolândia;
35,Peruíbe;
31,Pescador;
42,Pescaria Brava;
26,Pesqueira;
26,Petrolândia;
42,Petrolândia;
26,Petrolina;
52,Petrolina de Goiás;
33,Petrópolis;
27,Piaçabuçu;
35,Piacatu;
25,Piancó;
29,Piatã;
31,Piau;
43,Picada Café;
15,Piçarra;
22,Picos;
25,Picuí;
35,Piedade;
31,Piedade de Caratinga;
31,Piedade de Ponte Nova;
31,Piedade do Rio Grande;
31,Piedade dos Gerais;
41,Piên;
29,Pilão Arcado;
25,Pilar;
27,Pilar;
52,Pilar de Goiás;
35,Pilar do Sul;
24,Pilões;
25,Pilões;
25,Pilõezinhos;
31,Pimenta;
11,Pimenta Bueno;
22,Pimenteiras;
11,Pimenteiras do Oeste;
29,Pindaí;
35,Pindamonhangaba;
21,Pindaré-Mirim;
27,Pindoba;
29,Pindobaçu;
35,Pindorama;
17,Pindorama do Tocantins;
23,Pindoretama;
31,Pingo-D'água;
41,Pinhais;
43,Pinhal;
43,Pinhal da Serra;
41,Pinhal de São Bento;
43,Pinhal Grande;
41,Pinhalão;
35,Pinhalzinho;
42,Pinhalzinho;
28,Pinhão;
41,Pinhão;
33,Pinheiral;
43,Pinheirinho do Vale;
21,Pinheiro;
43,Pinheiro Machado;
42,Pinheiro Preto;
32,Pinheiros;
29,Pintadas;
43,Pinto Bandeira;
31,Pintópolis;
22,Pio Ix;
21,Pio Xii;
35,Piquerobi;
23,Piquet Carneiro;
35,Piquete;
35,Piracaia;
52,Piracanjuba;
31,Piracema;
35,Piracicaba;
22,Piracuruca;
33,Piraí;
29,Piraí do Norte;
41,Piraí do Sul;
35,Piraju;
31,Pirajuba;
35,Pirajuí;
28,Pirambu;
31,Piranga;
35,Pirangi;
31,Piranguçu;
31,Piranguinho;
27,Piranhas;
52,Piranhas;
21,Pirapemas;
31,Pirapetinga;
43,Pirapó;
31,Pirapora;
35,Pirapora do Bom Jesus;
35,Pirapozinho;
41,Piraquara;
17,Piraquê;
35,Pirassununga;
43,Piratini;
35,Piratininga;
42,Piratuba;
31,Piraúba;
52,Pirenópolis;
52,Pires do Rio;
23,Pires Ferreira;
29,Piripá;
22,Piripiri;
29,Piritiba;
25,Pirpirituba;
41,Pitanga;
35,Pitangueiras;
41,Pitangueiras;
31,Pitangui;
25,Pitimbu;
17,Pium;
32,Piúma;
31,Piumhi;
15,Placas;
12,Plácido de Castro;
52,Planaltina;
41,Planaltina do Paraná;
29,Planaltino;
29,Planalto;
35,Planalto;
41,Planalto;
43,Planalto;
42,Planalto Alegre;
51,Planalto da Serra;
31,Planura;
35,Platina;
35,Poá;
26,Poção;
21,Poção de Pedras;
25,Pocinhos;
24,Poço Branco;
25,Poço dantas;
43,Poço das Antas;
27,Poço das Trincheiras;
25,Poço de José de Moura;
31,Poço Fundo;
28,Poço Redondo;
28,Poço Verde;
29,Poções;
51,Poconé;
31,Poços de Caldas;
31,Pocrane;
29,Pojuca;
35,Poloni;
25,Pombal;
26,Pombos;
42,Pomerode;
35,Pompéia;
31,Pompéu;
35,Pongaí;
15,Ponta de Pedras;
41,Ponta Grossa;
50,Ponta Porã;
35,Pontal;
51,Pontal do Araguaia;
41,Pontal do Paraná;
52,Pontalina;
35,Pontalinda;
43,Pontão;
42,Ponte Alta;
17,Ponte Alta do Bom Jesus;
42,Ponte Alta do Norte;
17,Ponte Alta do Tocantins;
51,Ponte Branca;
31,Ponte Nova;
43,Ponte Preta;
42,Ponte Serrada;
51,Pontes E Lacerda;
35,Pontes Gestal;
32,Ponto Belo;
31,Ponto Chique;
31,Ponto dos Volantes;
29,Ponto Novo;
35,Populina;
23,Poranga;
35,Porangaba;
52,Porangatu;
33,Porciúncula;
41,Porecatu;
24,Portalegre;
43,Portão;
52,Porteirão;
23,Porteiras;
31,Porteirinha;
15,Portel;
52,Portelândia;
22,Porto;
12,Porto Acre;
43,Porto Alegre;
51,Porto Alegre do Norte;
22,Porto Alegre do Piauí;
17,Porto Alegre do Tocantins;
41,Porto Amazonas;
41,Porto Barreiro;
42,Porto Belo;
27,Porto Calvo;
28,Porto da Folha;
15,Porto de Moz;
27,Porto de Pedras;
24,Porto do Mangue;
51,Porto dos Gaúchos;
51,Porto Esperidião;
51,Porto Estrela;
35,Porto Feliz;
35,Porto Ferreira;
31,Porto Firme;
21,Porto Franco;
16,Porto Grande;
43,Porto Lucena;
43,Porto Mauá;
50,Porto Murtinho;
17,Porto Nacional;
33,Porto Real;
27,Porto Real do Colégio;
41,Porto Rico;
21,Porto Rico do Maranhão;
29,Porto Seguro;
42,Porto União;
11,Porto Velho;
43,Porto Vera Cruz;
41,Porto Vitória;
12,Porto Walter;
43,Porto Xavier;
52,Posse;
31,Poté;
23,Potengi;
35,Potim;
29,Potiraguá;
35,Potirendaba;
23,Potiretama;
31,Pouso Alegre;
31,Pouso Alto;
43,Pouso Novo;
42,Pouso Redondo;
51,Poxoréu;
35,Pracinha;
16,Pracuúba;
29,Prado;
41,Prado Ferreira;
35,Pradópolis;
31,Prados;
35,Praia Grande;
42,Praia Grande;
17,Praia Norte;
15,Prainha;
41,Pranchita;
25,Prata;
31,Prata;
22,Prata do Piauí;
35,Pratânia;
31,Pratápolis;
31,Pratinha;
35,Presidente Alves;
31,Presidente Bernardes;
35,Presidente Bernardes;
42,Presidente Castello Branco;
41,Presidente Castelo Branco;
21,Presidente Dutra;
29,Presidente Dutra;
35,Presidente Epitácio;
13,Presidente Figueiredo;
42,Presidente Getúlio;
29,Presidente Jânio Quadros;
21,Presidente Juscelino;
31,Presidente Juscelino;
17,Presidente Kennedy;
32,Presidente Kennedy;
31,Presidente Kubitschek;
43,Presidente Lucena;
11,Presidente Médici;
21,Presidente Médici;
42,Presidente Nereu;
31,Presidente Olegário;
35,Presidente Prudente;
21,Presidente Sarney;
29,Presidente Tancredo Neves;
21,Presidente Vargas;
35,Presidente Venceslau;
15,Primavera;
26,Primavera;
11,Primavera de Rondônia;
51,Primavera do Leste;
21,Primeira Cruz;
41,Primeiro de Maio;
42,Princesa;
25,Princesa Isabel;
52,Professor Jamil;
43,Progresso;
35,Promissão;
28,Propriá;
43,Protásio Alves;
31,Prudente de Morais;
41,Prudentópolis;
17,Pugmil;
24,Pureza;
43,Putinga;
25,Puxinanã;
35,Quadra;
43,Quaraí;
31,Quartel Geral;
41,Quarto Centenário;
35,Quatá;
41,Quatiguá;
15,Quatipuru;
33,Quatis;
41,Quatro Barras;
43,Quatro Irmãos;
41,Quatro Pontes;
27,Quebrangulo;
41,Quedas do Iguaçu;
22,Queimada Nova;
25,Queimadas;
29,Queimadas;
33,Queimados;
35,Queiroz;
35,Queluz;
31,Queluzito;
51,Querência;
41,Querência do Norte;
43,Quevedos;
29,Quijingue;
42,Quilombo;
41,Quinta do Sol;
35,Quintana;
43,Quinze de Novembro;
26,Quipapá;
52,Quirinópolis;
33,Quissamã;
41,Quitandinha;
23,Quiterianópolis;
25,Quixaba;
26,Quixaba;
29,Quixabeira;
23,Quixadá;
23,Quixelô;
23,Quixeramobim;
23,Quixeré;
24,Rafael Fernandes;
24,Rafael Godeiro;
29,Rafael Jambeiro;
35,Rafard;
41,Ramilândia;
35,Rancharia;
41,Rancho Alegre;
41,Rancho Alegre D'oeste;
42,Rancho Queimado;
21,Raposa;
31,Raposos;
31,Raul Soares;
41,Realeza;
41,Rebouças;
26,Recife;
31,Recreio;
17,Recursolândia;
15,Redenção;
23,Redenção;
35,Redenção da Serra;
22,Redenção do Gurguéia;
43,Redentora;
31,Reduto;
22,Regeneração;
35,Regente Feijó;
35,Reginópolis;
35,Registro;
43,Relvado;
29,Remanso;
25,Remígio;
41,Renascença;
23,Reriutaba;
33,Resende;
31,Resende Costa;
41,Reserva;
51,Reserva do Cabaçal;
41,Reserva do Iguaçu;
31,Resplendor;
31,Ressaquinha;
35,Restinga;
43,Restinga Seca;
29,Retirolândia;
21,Riachão;
25,Riachão;
29,Riachão das Neves;
25,Riachão do Bacamarte;
28,Riachão do dantas;
29,Riachão do Jacuípe;
25,Riachão do Poço;
17,Riachinho;
31,Riachinho;
24,Riacho da Cruz;
26,Riacho das Almas;
24,Riacho de Santana;
29,Riacho de Santana;
25,Riacho de Santo Antônio;
25,Riacho dos Cavalos;
31,Riacho dos Machados;
22,Riacho Frio;
24,Riachuelo;
28,Riachuelo;
52,Rialma;
52,Rianápolis;
21,Ribamar Fiquene;
50,Ribas do Rio Pardo;
35,Ribeira;
29,Ribeira do Amparo;
22,Ribeira do Piauí;
29,Ribeira do Pombal;
26,Ribeirão;
35,Ribeirão Bonito;
35,Ribeirão Branco;
51,Ribeirão Cascalheira;
41,Ribeirão Claro;
35,Ribeirão Corrente;
31,Ribeirão das Neves;
29,Ribeirão do Largo;
41,Ribeirão do Pinhal;
35,Ribeirão do Sul;
35,Ribeirão dos Índios;
35,Ribeirão Grande;
35,Ribeirão Pires;
35,Ribeirão Preto;
31,Ribeirão Vermelho;
51,Ribeirãozinho;
22,Ribeiro Gonçalves;
28,Ribeirópolis;
35,Rifaina;
35,Rincão;
35,Rinópolis;
31,Rio Acima;
41,Rio Azul;
32,Rio Bananal;
41,Rio Bom;
33,Rio Bonito;
41,Rio Bonito do Iguaçu;
12,Rio Branco;
51,Rio Branco;
41,Rio Branco do Ivaí;
41,Rio Branco do Sul;
50,Rio Brilhante;
31,Rio Casca;
33,Rio Claro;
35,Rio Claro;
11,Rio Crespo;
17,Rio da Conceição;
42,Rio das Antas;
33,Rio das Flores;
33,Rio das Ostras;
35,Rio das Pedras;
29,Rio de Contas;
33,Rio de Janeiro;
29,Rio do Antônio;
42,Rio do Campo;
24,Rio do Fogo;
42,Rio do Oeste;
29,Rio do Pires;
31,Rio do Prado;
42,Rio do Sul;
31,Rio doce;
17,Rio dos Bois;
42,Rio dos Cedros;
43,Rio dos Índios;
31,Rio Espera;
26,Rio Formoso;
42,Rio Fortuna;
43,Rio Grande;
35,Rio Grande da Serra;
22,Rio Grande do Piauí;
27,Rio Largo;
31,Rio Manso;
15,Rio Maria;
42,Rio Negrinho;
41,Rio Negro;
50,Rio Negro;
31,Rio Novo;
32,Rio Novo do Sul;
31,Rio Paranaíba;
43,Rio Pardo;
31,Rio Pardo de Minas;
31,Rio Piracicaba;
31,Rio Pomba;
31,Rio Preto;
13,Rio Preto da Eva;
52,Rio Quente;
29,Rio Real;
42,Rio Rufino;
17,Rio Sono;
25,Rio Tinto;
52,Rio Verde;
50,Rio Verde de Mato Grosso;
31,Rio Vermelho;
35,Riolândia;
43,Riozinho;
42,Riqueza;
31,Ritápolis;
35,Riversul;
43,Roca Sales;
50,Rochedo;
31,Rochedo de Minas;
42,Rodeio;
43,Rodeio Bonito;
31,Rodeiro;
29,Rodelas;
24,Rodolfo Fernandes;
12,Rodrigues Alves;
43,Rolador;
41,Rolândia;
43,Rolante;
11,Rolim de Moura;
31,Romaria;
42,Romelândia;
41,Roncador;
43,Ronda Alta;
43,Rondinha;
51,Rondolândia;
41,Rondon;
15,Rondon do Pará;
51,Rondonópolis;
43,Roque Gonzales;
14,Rorainópolis;
35,Rosana;
21,Rosário;
31,Rosário da Limeira;
28,Rosário do Catete;
41,Rosário do Ivaí;
43,Rosário do Sul;
51,Rosário Oeste;
35,Roseira;
27,Roteiro;
31,Rubelita;
35,Rubiácea;
52,Rubiataba;
31,Rubim;
35,Rubinéia;
15,Rurópolis;
23,Russas;
24,Ruy Barbosa;
29,Ruy Barbosa;
31,Sabará;
41,Sabáudia;
35,Sabino;
31,Sabinópolis;
23,Saboeiro;
31,Sacramento;
43,Sagrada Família;
35,Sagres;
26,Sairé;
43,Saldanha Marinho;
35,Sales;
35,Sales Oliveira;
35,Salesópolis;
42,Salete;
25,Salgadinho;
26,Salgadinho;
28,Salgado;
25,Salgado de São Félix;
41,Salgado Filho;
26,Salgueiro;
31,Salinas;
29,Salinas da Margarida;
15,Salinópolis;
23,Salitre;
35,Salmourão;
26,Saloá;
35,Saltinho;
42,Saltinho;
35,Salto;
31,Salto da Divisa;
35,Salto de Pirapora;
51,Salto do Céu;
41,Salto do Itararé;
43,Salto do Jacuí;
41,Salto do Lontra;
35,Salto Grande;
42,Salto Veloso;
29,Salvador;
43,Salvador das Missões;
43,Salvador do Sul;
15,Salvaterra;
21,Sambaíba;
17,Sampaio;
43,Sananduva;
52,Sanclerlândia;
17,Sandolândia;
35,Sandovalina;
42,Sangão;
26,Sanharó;
43,Sant'ana do Livramento;
35,Santa Adélia;
35,Santa Albertina;
41,Santa Amélia;
29,Santa Bárbara;
31,Santa Bárbara;
35,Santa Bárbara D'oeste;
52,Santa Bárbara de Goiás;
31,Santa Bárbara do Leste;
31,Santa Bárbara do Monte Verde;
15,Santa Bárbara do Pará;
43,Santa Bárbara do Sul;
31,Santa Bárbara do Tugúrio;
35,Santa Branca;
29,Santa Brígida;
51,Santa Carmem;
25,Santa Cecília;
42,Santa Cecília;
41,Santa Cecília do Pavão;
43,Santa Cecília do Sul;
35,Santa Clara D'oeste;
43,Santa Clara do Sul;
24,Santa Cruz;
25,Santa Cruz;
26,Santa Cruz;
29,Santa Cruz Cabrália;
26,Santa Cruz da Baixa Verde;
35,Santa Cruz da Conceição;
35,Santa Cruz da Esperança;
29,Santa Cruz da Vitória;
35,Santa Cruz das Palmeiras;
52,Santa Cruz de Goiás;
31,Santa Cruz de Minas;
41,Santa Cruz de Monte Castelo;
31,Santa Cruz de Salinas;
15,Santa Cruz do Arari;
26,Santa Cruz do Capibaribe;
31,Santa Cruz do Escalvado;
22,Santa Cruz do Piauí;
35,Santa Cruz do Rio Pardo;
43,Santa Cruz do Sul;
51,Santa Cruz do Xingu;
22,Santa Cruz dos Milagres;
31,Santa Efigênia de Minas;
35,Santa Ernestina;
41,Santa Fé;
52,Santa Fé de Goiás;
31,Santa Fé de Minas;
17,Santa Fé do Araguaia;
35,Santa Fé do Sul;
22,Santa Filomena;
26,Santa Filomena;
21,Santa Filomena do Maranhão;
35,Santa Gertrudes;
21,Santa Helena;
25,Santa Helena;
41,Santa Helena;
42,Santa Helena;
52,Santa Helena de Goiás;
31,Santa Helena de Minas;
21,Santa Inês;
25,Santa Inês;
29,Santa Inês;
41,Santa Inês;
35,Santa Isabel;
52,Santa Isabel;
41,Santa Isabel do Ivaí;
13,Santa Isabel do Rio Negro;
41,Santa Izabel do Oeste;
15,Santa Izabel do Pará;
31,Santa Juliana;
32,Santa Leopoldina;
35,Santa Lúcia;
41,Santa Lúcia;
22,Santa Luz;
21,Santa Luzia;
25,Santa Luzia;
29,Santa Luzia;
31,Santa Luzia;
11,Santa Luzia D'oeste;
28,Santa Luzia do Itanhy;
27,Santa Luzia do Norte;
15,Santa Luzia do Pará;
21,Santa Luzia do Paruá;
31,Santa Margarida;
43,Santa Margarida do Sul;
24,Santa Maria;
43,Santa Maria;
26,Santa Maria da Boa Vista;
35,Santa Maria da Serra;
29,Santa Maria da Vitória;
15,Santa Maria das Barreiras;
31,Santa Maria de Itabira;
32,Santa Maria de Jetibá;
26,Santa Maria do Cambucá;
43,Santa Maria do Herval;
41,Santa Maria do Oeste;
15,Santa Maria do Pará;
31,Santa Maria do Salto;
31,Santa Maria do Suaçuí;
17,Santa Maria do Tocantins;
33,Santa Maria Madalena;
41,Santa Mariana;
35,Santa Mercedes;
41,Santa Mônica;
23,Santa Quitéria;
21,Santa Quitéria do Maranhão;
21,Santa Rita;
25,Santa Rita;
35,Santa Rita D'oeste;
31,Santa Rita de Caldas;
29,Santa Rita de Cássia;
31,Santa Rita de Ibitipoca;
31,Santa Rita de Jacutinga;
31,Santa Rita de Minas;
52,Santa Rita do Araguaia;
31,Santa Rita do Itueto;
52,Santa Rita do Novo destino;
50,Santa Rita do Pardo;
35,Santa Rita do Passa Quatro;
31,Santa Rita do Sapucaí;
17,Santa Rita do Tocantins;
51,Santa Rita do Trivelato;
43,Santa Rosa;
31,Santa Rosa da Serra;
52,Santa Rosa de Goiás;
28,Santa Rosa de Lima;
42,Santa Rosa de Lima;
35,Santa Rosa de Viterbo;
22,Santa Rosa do Piauí;
12,Santa Rosa do Purus;
42,Santa Rosa do Sul;
17,Santa Rosa do Tocantins;
35,Santa Salete;
32,Santa Teresa;
25,Santa Teresinha;
29,Santa Teresinha;
43,Santa Tereza;
52,Santa Tereza de Goiás;
41,Santa Tereza do Oeste;
17,Santa Tereza do Tocantins;
26,Santa Terezinha;
42,Santa Terezinha;
51,Santa Terezinha;
52,Santa Terezinha de Goiás;
41,Santa Terezinha de Itaipu;
42,Santa Terezinha do Progresso;
17,Santa Terezinha do Tocantins;
31,Santa Vitória;
43,Santa Vitória do Palmar;
29,Santaluz;
16,Santana;
29,Santana;
43,Santana da Boa Vista;
35,Santana da Ponte Pensa;
31,Santana da Vargem;
31,Santana de Cataguases;
25,Santana de Mangueira;
35,Santana de Parnaíba;
31,Santana de Pirapama;
23,Santana do Acaraú;
15,Santana do Araguaia;
23,Santana do Cariri;
31,Santana do deserto;
31,Santana do Garambéu;
27,Santana do Ipanema;
41,Santana do Itararé;
31,Santana do Jacaré;
31,Santana do Manhuaçu;
21,Santana do Maranhão;
24,Santana do Matos;
27,Santana do Mundaú;
31,Santana do Paraíso;
22,Santana do Piauí;
31,Santana do Riacho;
28,Santana do São Francisco;
24,Santana do Seridó;
25,Santana dos Garrotes;
31,Santana dos Montes;
29,Santanópolis;
15,Santarém;
15,Santarém Novo;
43,Santiago;
42,Santiago do Sul;
51,Santo Afonso;
29,Santo Amaro;
42,Santo Amaro da Imperatriz;
28,Santo Amaro das Brotas;
21,Santo Amaro do Maranhão;
35,Santo Anastácio;
25,Santo André;
35,Santo André;
43,Santo Ângelo;
24,Santo Antônio;
35,Santo Antônio da Alegria;
52,Santo Antônio da Barra;
43,Santo Antônio da Patrulha;
41,Santo Antônio da Platina;
43,Santo Antônio das Missões;
52,Santo Antônio de Goiás;
29,Santo Antônio de Jesus;
22,Santo Antônio de Lisboa;
33,Santo Antônio de Pádua;
35,Santo Antônio de Posse;
31,Santo Antônio do Amparo;
35,Santo Antônio do Aracanguá;
31,Santo Antônio do Aventureiro;
41,Santo Antônio do Caiuá;
52,Santo Antônio do descoberto;
31,Santo Antônio do Grama;
13,Santo Antônio do Içá;
31,Santo Antônio do Itambé;
31,Santo Antônio do Jacinto;
35,Santo Antônio do Jardim;
51,Santo Antônio do Leste;
51,Santo Antônio do Leverger;
31,Santo Antônio do Monte;
43,Santo Antônio do Palma;
41,Santo Antônio do Paraíso;
35,Santo Antônio do Pinhal;
43,Santo Antônio do Planalto;
31,Santo Antônio do Retiro;
31,Santo Antônio do Rio Abaixo;
41,Santo Antônio do Sudoeste;
15,Santo Antônio do Tauá;
21,Santo Antônio dos Lopes;
22,Santo Antônio dos Milagres;
43,Santo Augusto;
43,Santo Cristo;
29,Santo Estêvão;
35,Santo Expedito;
43,Santo Expedito do Sul;
31,Santo Hipólito;
41,Santo Inácio;
22,Santo Inácio do Piauí;
35,Santópolis do Aguapeí;
35,Santos;
31,Santos Dumont;
23,São Benedito;
21,São Benedito do Rio Preto;
26,São Benedito do Sul;
25,São Bentinho;
21,São Bento;
25,São Bento;
31,São Bento Abade;
24,São Bento do Norte;
35,São Bento do Sapucaí;
42,São Bento do Sul;
17,São Bento do Tocantins;
24,São Bento do Trairí;
26,São Bento do Una;
42,São Bernardino;
21,São Bernardo;
35,São Bernardo do Campo;
42,São Bonifácio;
43,São Borja;
27,São Brás;
31,São Brás do Suaçuí;
22,São Braz do Piauí;
15,São Caetano de Odivelas;
35,São Caetano do Sul;
26,São Caitano;
35,São Carlos;
42,São Carlos;
41,São Carlos do Ivaí;
28,São Cristóvão;
42,São Cristovão do Sul;
29,São desidério;
25,São domingos;
28,São domingos;
29,São domingos;
42,São domingos;
52,São domingos;
31,São domingos das dores;
15,São domingos do Araguaia;
21,São domingos do Azeitão;
15,São domingos do Capim;
25,São domingos do Cariri;
21,São domingos do Maranhão;
32,São domingos do Norte;
31,São domingos do Prata;
43,São domingos do Sul;
29,São Felipe;
11,São Felipe D'oeste;
29,São Félix;
21,São Félix de Balsas;
31,São Félix de Minas;
51,São Félix do Araguaia;
29,São Félix do Coribe;
22,São Félix do Piauí;
17,São Félix do Tocantins;
15,São Félix do Xingu;
24,São Fernando;
33,São Fidélis;
25,São Francisco;
28,São Francisco;
31,São Francisco;
35,São Francisco;
43,São Francisco de Assis;
22,São Francisco de Assis do Piauí;
52,São Francisco de Goiás;
33,São Francisco de Itabapoana;
31,São Francisco de Paula;
43,São Francisco de Paula;
31,São Francisco de Sales;
21,São Francisco do Brejão;
29,São Francisco do Conde;
31,São Francisco do Glória;
11,São Francisco do Guaporé;
21,São Francisco do Maranhão;
24,São Francisco do Oeste;
15,São Francisco do Pará;
22,São Francisco do Piauí;
42,São Francisco do Sul;
29,São Gabriel;
43,São Gabriel;
13,São Gabriel da Cachoeira;
32,São Gabriel da Palha;
50,São Gabriel do Oeste;
31,São Geraldo;
31,São Geraldo da Piedade;
15,São Geraldo do Araguaia;
31,São Geraldo do Baixio;
33,São Gonçalo;
31,São Gonçalo do Abaeté;
23,São Gonçalo do Amarante;
24,São Gonçalo do Amarante;
22,São Gonçalo do Gurguéia;
31,São Gonçalo do Pará;
22,São Gonçalo do Piauí;
31,São Gonçalo do Rio Abaixo;
31,São Gonçalo do Rio Preto;
31,São Gonçalo do Sapucaí;
29,São Gonçalo dos Campos;
31,São Gotardo;
43,São Jerônimo;
41,São Jerônimo da Serra;
26,São João;
41,São João;
21,São João Batista;
42,São João Batista;
31,São João Batista do Glória;
52,São João D'aliança;
14,São João da Baliza;
33,São João da Barra;
35,São João da Boa Vista;
22,São João da Canabrava;
22,São João da Fronteira;
31,São João da Lagoa;
31,São João da Mata;
52,São João da Paraúna;
15,São João da Ponta;
31,São João da Ponte;
22,São João da Serra;
43,São João da Urtiga;
22,São João da Varjota;
35,São João das Duas Pontes;
31,São João das Missões;
35,São João de Iracema;
33,São João de Meriti;
15,São João de Pirabas;
31,São João del Rei;
15,São João do Araguaia;
22,São João do Arraial;
41,São João do Caiuá;
25,São João do Cariri;
21,São João do Carú;
42,São João do Itaperiú;
41,São João do Ivaí;
23,São João do Jaguaribe;
31,São João do Manhuaçu;
31,São João do Manteninha;
42,São João do Oeste;
31,São João do Oriente;
31,São João do Pacuí;
21,São João do Paraíso;
31,São João do Paraíso;
35,São João do Pau D'alho;
22,São João do Piauí;
43,São João do Polêsine;
25,São João do Rio do Peixe;
24,São João do Sabugi;
21,São João do Soter;
42,São João do Sul;
25,São João do Tigre;
41,São João do Triunfo;
21,São João dos Patos;
31,São João Evangelista;
31,São João Nepomuceno;
42,São Joaquim;
35,São Joaquim da Barra;
31,São Joaquim de Bicas;
26,São Joaquim do Monte;
43,São Jorge;
41,São Jorge D'oeste;
41,São Jorge do Ivaí;
41,São Jorge do Patrocínio;
42,São José;
31,São José da Barra;
35,São José da Bela Vista;
41,São José da Boa Vista;
26,São José da Coroa Grande;
25,São José da Lagoa Tapada;
27,São José da Laje;
31,São José da Lapa;
31,São José da Safira;
27,São José da Tapera;
31,São José da Varginha;
29,São José da Vitória;
43,São José das Missões;
41,São José das Palmeiras;
25,São José de Caiana;
25,São José de Espinharas;
24,São José de Mipibu;
25,São José de Piranhas;
25,São José de Princesa;
21,São José de Ribamar;
33,São José de Ubá;
31,São José do Alegre;
35,São José do Barreiro;
26,São José do Belmonte;
25,São José do Bonfim;
25,São José do Brejo do Cruz;
32,São José do Calçado;
24,São José do Campestre;
42,São José do Cedro;
42,São José do Cerrito;
22,São José do Divino;
31,São José do Divino;
26,São José do Egito;
31,São José do Goiabal;
43,São José do Herval;
43,São José do Hortêncio;
43,São José do Inhacorá;
29,São José do Jacuípe;
31,São José do Jacuri;
31,São José do Mantimento;
43,São José do Norte;
43,São José do Ouro;
22,São José do Peixe;
22,São José do Piauí;
51,São José do Povo;
51,São José do Rio Claro;
35,São José do Rio Pardo;
35,São José do Rio Preto;
25,São José do Sabugi;
24,São José do Seridó;
43,São José do Sul;
33,São José do Vale do Rio Preto;
51,São José do Xingu;
43,São José dos Ausentes;
21,São José dos Basílios;
35,São José dos Campos;
25,São José dos Cordeiros;
41,São José dos Pinhais;
51,São José dos Quatro Marcos;
25,São José dos Ramos;
22,São Julião;
43,São Leopoldo;
31,São Lourenço;
26,São Lourenço da Mata;
35,São Lourenço da Serra;
42,São Lourenço do Oeste;
22,São Lourenço do Piauí;
43,São Lourenço do Sul;
42,São Ludgero;
21,São Luís;
52,São Luís de Montes Belos;
23,São Luís do Curu;
35,São Luís do Paraitinga;
22,São Luis do Piauí;
27,São Luís do Quitunde;
21,São Luís Gonzaga do Maranhão;
14,São Luiz;
52,São Luíz do Norte;
43,São Luiz Gonzaga;
25,São Mamede;
41,São Manoel do Paraná;
35,São Manuel;
43,São Marcos;
42,São Martinho;
43,São Martinho;
43,São Martinho da Serra;
32,São Mateus;
21,São Mateus do Maranhão;
41,São Mateus do Sul;
24,São Miguel;
35,São Miguel Arcanjo;
22,São Miguel da Baixa Grande;
42,São Miguel da Boa Vista;
29,São Miguel das Matas;
43,São Miguel das Missões;
25,São Miguel de Taipu;
28,São Miguel do Aleixo;
31,São Miguel do Anta;
52,São Miguel do Araguaia;
22,São Miguel do Fidalgo;
24,São Miguel do Gostoso;
15,São Miguel do Guamá;
11,São Miguel do Guaporé;
41,São Miguel do Iguaçu;
42,São Miguel do Oeste;
52,São Miguel do Passa Quatro;
22,São Miguel do Tapuio;
17,São Miguel do Tocantins;
27,São Miguel dos Campos;
27,São Miguel dos Milagres;
43,São Nicolau;
52,São Patrício;
35,São Paulo;
43,São Paulo das Missões;
13,São Paulo de Olivença;
24,São Paulo do Potengi;
24,São Pedro;
35,São Pedro;
21,São Pedro da Água Branca;
33,São Pedro da Aldeia;
51,São Pedro da Cipa;
43,São Pedro da Serra;
31,São Pedro da União;
43,São Pedro das Missões;
42,São Pedro de Alcântara;
43,São Pedro do Butiá;
41,São Pedro do Iguaçu;
41,São Pedro do Ivaí;
41,São Pedro do Paraná;
22,São Pedro do Piauí;
31,São Pedro do Suaçuí;
43,São Pedro do Sul;
35,São Pedro do Turvo;
21,São Pedro dos Crentes;
31,São Pedro dos Ferros;
24,São Rafael;
21,São Raimundo das Mangabeiras;
21,São Raimundo do doca Bezerra;
22,São Raimundo Nonato;
21,São Roberto;
31,São Romão;
35,São Roque;
31,São Roque de Minas;
32,São Roque do Canaã;
17,São Salvador do Tocantins;
27,São Sebastião;
35,São Sebastião;
41,São Sebastião da Amoreira;
31,São Sebastião da Bela Vista;
15,São Sebastião da Boa Vista;
35,São Sebastião da Grama;
31,São Sebastião da Vargem Alegre;
25,São Sebastião de Lagoa de Roça;
33,São Sebastião do Alto;
31,São Sebastião do Anta;
43,São Sebastião do Caí;
31,São Sebastião do Maranhão;
31,São Sebastião do Oeste;
31,São Sebastião do Paraíso;
29,São Sebastião do Passé;
31,São Sebastião do Rio Preto;
31,São Sebastião do Rio Verde;
17,São Sebastião do Tocantins;
13,São Sebastião do Uatumã;
25,São Sebastião do Umbuzeiro;
43,São Sepé;
35,São Simão;
52,São Simão;
31,São Thomé das Letras;
31,São Tiago;
31,São Tomás de Aquino;
24,São Tomé;
41,São Tomé;
43,São Valentim;
43,São Valentim do Sul;
17,São Valério;
43,São Valério do Sul;
43,São Vendelino;
24,São Vicente;
35,São Vicente;
31,São Vicente de Minas;
25,São Vicente do Seridó;
43,São Vicente do Sul;
21,São Vicente Ferrer;
26,São Vicente Ferrer;
25,Sapé;
29,Sapeaçu;
51,Sapezal;
43,Sapiranga;
41,Sapopema;
31,Sapucaí-Mirim;
15,Sapucaia;
33,Sapucaia;
43,Sapucaia do Sul;
33,Saquarema;
41,Sarandi;
43,Sarandi;
35,Sarapuí;
31,Sardoá;
35,Sarutaiá;
31,Sarzedo;
29,Sátiro Dias;
27,Satuba;
21,Satubinha;
29,Saubara;
41,Saudade do Iguaçu;
42,Saudades;
29,Saúde;
42,Schroeder;
29,Seabra;
42,Seara;
35,Sebastianópolis do Sul;
22,Sebastião Barros;
29,Sebastião Laranjeiras;
22,Sebastião Leal;
43,Seberi;
43,Sede Nova;
43,Segredo;
43,Selbach;
50,Selvíria;
31,Sem-Peixe;
12,Sena Madureira;
21,Senador Alexandre Costa;
31,Senador Amaral;
52,Senador Canedo;
31,Senador Cortes;
24,Senador Elói de Souza;
31,Senador Firmino;
24,Senador Georgino Avelino;
12,Senador Guiomard;
31,Senador José Bento;
15,Senador José Porfírio;
21,Senador La Rocque;
31,Senador Modestino Gonçalves;
23,Senador Pompeu;
27,Senador Rui Palmeira;
23,Senador Sá;
43,Senador Salgado Filho;
41,Sengés;
29,Senhor do Bonfim;
31,Senhora de Oliveira;
31,Senhora do Porto;
31,Senhora dos Remédios;
43,Sentinela do Sul;
29,Sento Sé;
43,Serafina Corrêa;
31,Sericita;
11,Seringueiras;
43,Sério;
31,Seritinga;
33,Seropédica;
32,Serra;
42,Serra Alta;
35,Serra Azul;
31,Serra Azul de Minas;
25,Serra Branca;
24,Serra Caiada;
25,Serra da Raiz;
31,Serra da Saudade;
24,Serra de São Bento;
24,Serra do Mel;
16,Serra do Navio;
29,Serra do Ramalho;
31,Serra do Salitre;
31,Serra dos Aimorés;
29,Serra dourada;
25,Serra Grande;
35,Serra Negra;
24,Serra Negra do Norte;
51,Serra Nova dourada;
29,Serra Preta;
25,Serra Redonda;
26,Serra Talhada;
35,Serrana;
31,Serrania;
21,Serrano do Maranhão;
52,Serranópolis;
31,Serranópolis de Minas;
41,Serranópolis do Iguaçu;
31,Serranos;
25,Serraria;
24,Serrinha;
29,Serrinha;
24,Serrinha dos Pintos;
26,Serrita;
31,Serro;
29,Serrolândia;
41,Sertaneja;
26,Sertânia;
41,Sertanópolis;
43,Sertão;
43,Sertão Santana;
25,Sertãozinho;
35,Sertãozinho;
35,Sete Barras;
43,Sete de Setembro;
31,Sete Lagoas;
50,Sete Quedas;
31,Setubinha;
43,Severiano de Almeida;
24,Severiano Melo;
35,Severínia;
42,Siderópolis;
50,Sidrolândia;
22,Sigefredo Pacheco;
33,Silva Jardim;
52,Silvânia;
17,Silvanópolis;
43,Silveira Martins;
31,Silveirânia;
35,Silveiras;
13,Silves;
31,Silvianópolis;
28,Simão Dias;
31,Simão Pereira;
22,Simões;
29,Simões Filho;
52,Simolândia;
31,Simonésia;
22,Simplício Mendes;
43,Sinimbu;
51,Sinop;
41,Siqueira Campos;
26,Sirinhaém;
28,Siriri;
52,Sítio D'abadia;
29,Sítio do Mato;
29,Sítio do Quinto;
21,Sítio Novo;
24,Sítio Novo;
17,Sítio Novo do Tocantins;
29,Sobradinho;
43,Sobradinho;
25,Sobrado;
23,Sobral;
31,Sobrália;
35,Socorro;
22,Socorro do Piauí;
25,Solânea;
25,Soledade;
43,Soledade;
31,Soledade de Minas;
26,Solidão;
23,Solonópole;
42,Sombrio;
50,Sonora;
32,Sooretama;
35,Sorocaba;
51,Sorriso;
25,Sossêgo;
15,Soure;
25,Sousa;
29,Souto Soares;
17,Sucupira;
21,Sucupira do Norte;
21,Sucupira do Riachão;
35,Sud Mennucci;
42,Sul Brasil;
41,Sulina;
35,Sumaré;
25,Sumé;
33,Sumidouro;
26,Surubim;
22,Sussuapara;
35,Suzanápolis;
35,Suzano;
43,Tabaí;
51,Tabaporã;
35,Tabapuã;
13,Tabatinga;
35,Tabatinga;
26,Tabira;
35,Taboão da Serra;
29,Tabocas do Brejo Velho;
24,Taboleiro Grande;
31,Tabuleiro;
23,Tabuleiro do Norte;
26,Tacaimbó;
26,Tacaratu;
35,Taciba;
25,Tacima;
50,Tacuru;
35,Taguaí;
17,Taguatinga;
35,Taiaçu;
15,Tailândia;
42,Taió;
31,Taiobeiras;
17,Taipas do Tocantins;
24,Taipu;
35,Taiúva;
17,Talismã;
26,Tamandaré;
41,Tamarana;
35,Tambaú;
41,Tamboara;
23,Tamboril;
22,Tamboril do Piauí;
35,Tanabi;
24,Tangará;
42,Tangará;
51,Tangará da Serra;
33,Tanguá;
29,Tanhaçu;
27,Tanque D'arca;
22,Tanque do Piauí;
29,Tanque Novo;
29,Tanquinho;
31,Taparuba;
13,Tapauá;
41,Tapejara;
43,Tapejara;
43,Tapera;
25,Taperoá;
29,Taperoá;
43,Tapes;
31,Tapira;
41,Tapira;
31,Tapiraí;
35,Tapiraí;
29,Tapiramutá;
35,Tapiratiba;
51,Tapurah;
43,Taquara;
31,Taquaraçu de Minas;
35,Taquaral;
52,Taquaral de Goiás;
27,Taquarana;
43,Taquari;
35,Taquaritinga;
26,Taquaritinga do Norte;
35,Taquarituba;
35,Taquarivaí;
43,Taquaruçu do Sul;
50,Taquarussu;
35,Tarabai;
12,Tarauacá;
23,Tarrafas;
16,Tartarugalzinho;
35,Tarumã;
31,Tarumirim;
21,Tasso Fragoso;
35,Tatuí;
23,Tauá;
35,Taubaté;
25,Tavares;
43,Tavares;
13,Tefé;
25,Teixeira;
29,Teixeira de Freitas;
41,Teixeira Soares;
31,Teixeiras;
11,Teixeirópolis;
23,Tejuçuoca;
35,Tejupá;
41,Telêmaco Borba;
28,Telha;
24,Tenente Ananias;
24,Tenente Laurentino Cruz;
43,Tenente Portela;
25,Tenório;
29,Teodoro Sampaio;
35,Teodoro Sampaio;
29,Teofilândia;
31,Teófilo Otoni;
29,Teolândia;
27,Teotônio Vilela;
50,Terenos;
22,Teresina;
52,Teresina de Goiás;
33,Teresópolis;
26,Terezinha;
52,Terezópolis de Goiás;
15,Terra Alta;
41,Terra Boa;
43,Terra de Areia;
26,Terra Nova;
29,Terra Nova;
51,Terra Nova do Norte;
41,Terra Rica;
35,Terra Roxa;
41,Terra Roxa;
15,Terra Santa;
51,Tesouro;
43,Teutônia;
11,Theobroma;
23,Tianguá;
41,Tibagi;
24,Tibau;
24,Tibau do Sul;
35,Tietê;
42,Tigrinhos;
42,Tijucas;
41,Tijucas do Sul;
26,Timbaúba;
24,Timbaúba dos Batistas;
42,Timbé do Sul;
21,Timbiras;
42,Timbó;
42,Timbó Grande;
35,Timburi;
21,Timon;
31,Timóteo;
43,Tio Hugo;
31,Tiradentes;
43,Tiradentes do Sul;
31,Tiros;
28,Tobias Barreto;
17,Tocantínia;
17,Tocantinópolis;
31,Tocantins;
31,Tocos do Moji;
31,Toledo;
41,Toledo;
28,Tomar do Geru;
41,Tomazina;
31,Tombos;
15,Tomé-Açu;
13,Tonantins;
26,Toritama;
51,Torixoréu;
43,Toropi;
35,Torre de Pedra;
43,Torres;
35,Torrinha;
24,Touros;
35,Trabiju;
15,Tracuateua;
26,Tracunhaém;
27,Traipu;
15,Trairão;
23,Trairi;
33,Trajano de Moraes;
43,Tramandaí;
43,Travesseiro;
29,Tremedal;
35,Tremembé;
43,Três Arroios;
42,Três Barras;
41,Três Barras do Paraná;
43,Três Cachoeiras;
31,Três Corações;
43,Três Coroas;
43,Três de Maio;
43,Três Forquilhas;
35,Três Fronteiras;
50,Três Lagoas;
31,Três Marias;
43,Três Palmeiras;
43,Três Passos;
31,Três Pontas;
52,Três Ranchos;
33,Três Rios;
42,Treviso;
42,Treze de Maio;
42,Treze Tílias;
26,Trindade;
52,Trindade;
43,Trindade do Sul;
25,Triunfo;
26,Triunfo;
43,Triunfo;
24,Triunfo Potiguar;
21,Trizidela do Vale;
52,Trombas;
42,Trombudo Central;
42,Tubarão;
29,Tucano;
15,Tucumã;
43,Tucunduva;
15,Tucuruí;
21,Tufilândia;
35,Tuiuti;
31,Tumiritinga;
42,Tunápolis;
43,Tunas;
41,Tunas do Paraná;
41,Tuneiras do Oeste;
21,Tuntum;
35,Tupã;
31,Tupaciguara;
26,Tupanatinga;
43,Tupanci do Sul;
43,Tupanciretã;
43,Tupandi;
43,Tuparendi;
26,Tuparetama;
41,Tupãssi;
35,Tupi Paulista;
17,Tupirama;
17,Tupiratins;
21,Turiaçu;
21,Turilândia;
35,Turiúba;
31,Turmalina;
35,Turmalina;
43,Turuçu;
23,Tururu;
52,Turvânia;
52,Turvelândia;
41,Turvo;
42,Turvo;
31,Turvolândia;
21,Tutóia;
13,Uarini;
29,Uauá;
31,Ubá;
31,Ubaí;
29,Ubaíra;
29,Ubaitaba;
23,Ubajara;
31,Ubaporanga;
35,Ubarana;
29,Ubatã;
35,Ubatuba;
31,Uberaba;
31,Uberlândia;
35,Ubirajara;
41,Ubiratã;
43,Ubiretama;
35,Uchoa;
29,Uibaí;
14,Uiramutã;
52,Uirapuru;
25,Uiraúna;
15,Ulianópolis;
23,Umari;
24,Umarizal;
28,Umbaúba;
29,Umburanas;
31,Umburatiba;
25,Umbuzeiro;
23,Umirim;
41,Umuarama;
29,Una;
31,Unaí;
22,União;
43,União da Serra;
41,União da Vitória;
31,União de Minas;
42,União do Oeste;
51,União do Sul;
27,União dos Palmares;
35,União Paulista;
41,Uniflor;
43,Unistalda;
24,Upanema;
41,Uraí;
29,Urandi;
35,Urânia;
21,Urbano Santos;
35,Uru;
52,Uruaçu;
52,Uruana;
31,Uruana de Minas;
15,Uruará;
42,Urubici;
23,Uruburetama;
31,Urucânia;
13,Urucará;
29,Uruçuca;
22,Uruçuí;
31,Urucuia;
13,Urucurituba;
43,Uruguaiana;
23,Uruoca;
11,Urupá;
42,Urupema;
35,Urupês;
42,Urussanga;
52,Urutaí;
29,Utinga;
43,Vacaria;
51,Vale de São domingos;
11,Vale do Anari;
11,Vale do Paraíso;
43,Vale do Sol;
43,Vale Real;
43,Vale Verde;
29,Valença;
33,Valença;
22,Valença do Piauí;
29,Valente;
35,Valentim Gentil;
35,Valinhos;
35,Valparaíso;
52,Valparaíso de Goiás;
43,Vanini;
42,Vargeão;
35,Vargem;
42,Vargem;
31,Vargem Alegre;
32,Vargem Alta;
31,Vargem Bonita;
42,Vargem Bonita;
21,Vargem Grande;
31,Vargem Grande do Rio Pardo;
35,Vargem Grande do Sul;
35,Vargem Grande Paulista;
31,Varginha;
52,Varjão;
31,Varjão de Minas;
23,Varjota;
33,Varre-Sai;
24,Várzea;
25,Várzea;
23,Várzea Alegre;
22,Várzea Branca;
31,Várzea da Palma;
29,Várzea da Roça;
29,Várzea do Poço;
22,Várzea Grande;
51,Várzea Grande;
29,Várzea Nova;
35,Várzea Paulista;
29,Varzedo;
31,Varzelândia;
33,Vassouras;
31,Vazante;
43,Venâncio Aires;
32,Venda Nova do Imigrante;
24,Venha-Ver;
41,Ventania;
26,Venturosa;
51,Vera;
24,Vera Cruz;
29,Vera Cruz;
35,Vera Cruz;
43,Vera Cruz;
41,Vera Cruz do Oeste;
22,Vera Mendes;
43,Veranópolis;
26,Verdejante;
31,Verdelândia;
41,Verê;
29,Vereda;
31,Veredinha;
31,Veríssimo;
31,Vermelho Novo;
26,Vertente do Lério;
26,Vertentes;
31,Vespasiano;
43,Vespasiano Correa;
43,Viadutos;
43,Viamão;
21,Viana;
32,Viana;
52,Vianópolis;
26,Vicência;
43,Vicente Dutra;
50,Vicentina;
52,Vicentinópolis;
24,Viçosa;
27,Viçosa;
31,Viçosa;
23,Viçosa do Ceará;
43,Victor Graeff;
42,Vidal Ramos;
42,Videira;
31,Vieiras;
25,Vieirópolis;
15,Vigia;
51,Vila Bela da Santíssima Trindade;
52,Vila Boa;
24,Vila Flor;
43,Vila Flores;
43,Vila Lângaro;
43,Vila Maria;
22,Vila Nova do Piauí;
43,Vila Nova do Sul;
21,Vila Nova dos Martírios;
32,Vila Pavão;
52,Vila Propício;
51,Vila Rica;
32,Vila Valério;
32,Vila Velha;
11,Vilhena;
35,Vinhedo;
35,Viradouro;
31,Virgem da Lapa;
31,Virgínia;
31,Virginópolis;
31,Virgolândia;
41,Virmond;
31,Visconde do Rio Branco;
15,Viseu;
43,Vista Alegre;
35,Vista Alegre do Alto;
43,Vista Alegre do Prata;
43,Vista Gaúcha;
25,Vista Serrana;
42,Vitor Meireles;
32,Vitória;
35,Vitória Brasil;
29,Vitória da Conquista;
43,Vitória das Missões;
26,Vitória de Santo Antão;
16,Vitória do Jari;
21,Vitória do Mearim;
15,Vitória do Xingu;
41,Vitorino;
21,Vitorino Freire;
31,Volta Grande;
33,Volta Redonda;
35,Votorantim;
35,Votuporanga;
29,Wagner;
22,Wall Ferraz;
17,Wanderlândia;
29,Wanderley;
31,Wenceslau Braz;
41,Wenceslau Braz;
29,Wenceslau Guimarães;
43,Westfalia;
42,Witmarsum;
17,Xambioá;
41,Xambrê;
43,Xangri-Lá;
42,Xanxerê;
12,Xapuri;
42,Xavantina;
42,Xaxim;
26,Xexéu;
15,Xinguara;
29,Xique-Xique;
25,Zabelê;
35,Zacarias;
21,Zé doca;
42,Zortéa;